,0
2011-01-29,0.055220813
2011-01-30,0.055220813
2011-01-31,0.055220813
2011-02-01,0.055220813
2011-02-02,0.055220813
2011-02-03,0.055220813
2011-02-04,0.055220813
2011-02-05,0.055220813
2011-02-06,0.055220813
2011-02-07,0.055220813
2011-02-08,0.055220813
2011-02-09,0.055220813
2011-02-10,0.055220813
2011-02-11,0.055220813
2011-02-12,0.055220813
2011-02-13,0.055220813
2011-02-14,0.055220813
2011-02-15,0.055220813
2011-02-16,0.055220813
2011-02-17,0.055220813
2011-02-18,0.055220813
2011-02-19,0.055220813
2011-02-20,0.055220813
2011-02-21,0.055220813
2011-02-22,0.055220813
2011-02-23,0.055220813
2011-02-24,0.055220813
2011-02-25,0.055220813
2011-02-26,0.055220813
2011-02-27,0.055220813
2011-02-28,0.055220813
2011-03-01,0.055220813
2011-03-02,0.055220813
2011-03-03,0.055220813
2011-03-04,0.055220813
2011-03-05,0.055220813
2011-03-06,0.055220813
2011-03-07,0.055220813
2011-03-08,0.055220813
2011-03-09,0.055220813
2011-03-10,0.055220813
2011-03-11,0.055220813
2011-03-12,0.055220813
2011-03-13,0.055220813
2011-03-14,0.055220813
2011-03-15,0.055220813
2011-03-16,0.055220813
2011-03-17,0.055220813
2011-03-18,0.055220813
2011-03-19,0.055220813
2011-03-20,0.055220813
2011-03-21,0.055220813
2011-03-22,0.055220813
2011-03-23,0.055220813
2011-03-24,0.055220813
2011-03-25,0.055220813
2011-03-26,0.055220813
2011-03-27,0.055220813
2011-03-28,0.055220813
2011-03-29,0.055220813
2011-03-30,0.055220813
2011-03-31,0.055220813
2011-04-01,0.055220813
2011-04-02,0.055220813
2011-04-03,0.055220813
2011-04-04,0.055220813
2011-04-05,0.055220813
2011-04-06,0.055220813
2011-04-07,0.055220813
2011-04-08,0.055220813
2011-04-09,0.055220813
2011-04-10,0.055220813
2011-04-11,0.055220813
2011-04-12,0.055220813
2011-04-13,0.055220813
2011-04-14,0.055220813
2011-04-15,0.055220813
2011-04-16,0.055220813
2011-04-17,0.055220813
2011-04-18,0.055220813
2011-04-19,0.055220813
2011-04-20,0.055220813
2011-04-21,0.055220813
2011-04-22,0.055220813
2011-04-23,0.055220813
2011-04-24,0.055220813
2011-04-25,0.055220813
2011-04-26,0.055220813
2011-04-27,0.055220813
2011-04-28,0.055220813
2011-04-29,0.055220813
2011-04-30,0.055220813
2011-05-01,0.055220813
2011-05-02,0.055220813
2011-05-03,0.055220813
2011-05-04,0.055220813
2011-05-05,0.055220813
2011-05-06,0.055220813
2011-05-07,0.055220813
2011-05-08,0.055220813
2011-05-09,0.055220813
2011-05-10,0.055220813
2011-05-11,0.055220813
2011-05-12,0.055220813
2011-05-13,0.055220813
2011-05-14,0.055220813
2011-05-15,0.055220813
2011-05-16,0.055220813
2011-05-17,0.055220813
2011-05-18,0.055220813
2011-05-19,0.055220813
2011-05-20,0.055220813
2011-05-21,0.055220813
2011-05-22,0.055220813
2011-05-23,0.055220813
2011-05-24,0.055220813
2011-05-25,0.055220813
2011-05-26,0.055220813
2011-05-27,0.055220813
2011-05-28,0.055220813
2011-05-29,0.055220813
2011-05-30,0.055220813
2011-05-31,0.055220813
2011-06-01,0.055220813
2011-06-02,0.055220813
2011-06-03,0.055220813
2011-06-04,0.055220813
2011-06-05,0.055220813
2011-06-06,0.055220813
2011-06-07,0.055220813
2011-06-08,0.055220813
2011-06-09,0.055220813
2011-06-10,0.055220813
2011-06-11,0.055220813
2011-06-12,0.055220813
2011-06-13,0.055220813
2011-06-14,0.055220813
2011-06-15,0.055220813
2011-06-16,0.055220813
2011-06-17,0.055220813
2011-06-18,0.055220813
2011-06-19,0.055220813
2011-06-20,0.055220813
2011-06-21,0.055220813
2011-06-22,0.055220813
2011-06-23,0.055220813
2011-06-24,0.055220813
2011-06-25,0.055220813
2011-06-26,0.055220813
2011-06-27,0.055220813
2011-06-28,0.055220813
2011-06-29,0.055220813
2011-06-30,0.055220813
2011-07-01,0.055220813
2011-07-02,0.055220813
2011-07-03,0.055220813
2011-07-04,0.055220813
2011-07-05,0.055220813
2011-07-06,0.055220813
2011-07-07,0.055220813
2011-07-08,0.055220813
2011-07-09,0.055220813
2011-07-10,0.055220813
2011-07-11,0.055220813
2011-07-12,0.055220813
2011-07-13,0.055220813
2011-07-14,0.055220813
2011-07-15,0.055220813
2011-07-16,0.055220813
2011-07-17,0.055220813
2011-07-18,0.055220813
2011-07-19,0.055220813
2011-07-20,0.055220813
2011-07-21,0.055220813
2011-07-22,0.055220813
2011-07-23,0.055220813
2011-07-24,0.055220813
2011-07-25,0.055220813
2011-07-26,0.055220813
2011-07-27,0.055220813
2011-07-28,0.055220813
2011-07-29,0.055220813
2011-07-30,0.055220813
2011-07-31,0.055220813
2011-08-01,0.055220813
2011-08-02,0.055220813
2011-08-03,0.055220813
2011-08-04,0.055220813
2011-08-05,0.055220813
2011-08-06,0.12922385
2011-08-07,0.20478901
2011-08-08,0.6591672
2011-08-09,0.7005485
2011-08-10,0.8668026
2011-08-11,1.4894072
2011-08-12,1.7287709
2011-08-13,1.8548146
2011-08-14,1.9299645
2011-08-15,2.2766738
2011-08-16,2.3463032
2011-08-17,2.159389
2011-08-18,2.3281028
2011-08-19,2.6694486
2011-08-20,3.1222508
2011-08-21,3.087583
2011-08-22,2.8697195
2011-08-23,3.038328
2011-08-24,3.5570078
2011-08-25,3.47589
2011-08-26,3.3914504
2011-08-27,3.441267
2011-08-28,3.7210772
2011-08-29,4.0531063
2011-08-30,4.008726
2011-08-31,3.4749217
2011-09-01,3.3751292
2011-09-02,3.592021
2011-09-03,4.026979
2011-09-04,4.163368
2011-09-05,4.1735854
2011-09-06,3.9755986
2011-09-07,3.6016285
2011-09-08,3.2044034
2011-09-09,3.2828367
2011-09-10,3.452726
2011-09-11,3.8103209
2011-09-12,3.723845
2011-09-13,3.3658447
2011-09-14,3.1984682
2011-09-15,2.8673995
2011-09-16,2.6628609
2011-09-17,2.541659
2011-09-18,2.635168
2011-09-19,2.9973383
2011-09-20,2.7014124
2011-09-21,2.303701
2011-09-22,2.5338168
2011-09-23,2.978967
2011-09-24,3.1355402
2011-09-25,3.2110977
2011-09-26,3.2334723
2011-09-27,2.9878292
2011-09-28,2.864931
2011-09-29,3.0842535
2011-09-30,3.292481
2011-10-01,3.5471776
2011-10-02,3.5479624
2011-10-03,3.5106192
2011-10-04,3.0167065
2011-10-05,2.8922362
2011-10-06,2.986546
2011-10-07,3.3639617
2011-10-08,3.790761
2011-10-09,3.790418
2011-10-10,3.4119341
2011-10-11,3.180761
2011-10-12,3.1161196
2011-10-13,3.3157635
2011-10-14,3.5809014
2011-10-15,3.5580664
2011-10-16,3.4418478
2011-10-17,3.3030431
2011-10-18,3.2908335
2011-10-19,3.3421502
2011-10-20,3.2702448
2011-10-21,3.1603448
2011-10-22,3.7932112
2011-10-23,3.7570407
2011-10-24,3.3979712
2011-10-25,3.3203423
2011-10-26,3.5430355
2011-10-27,3.7679558
2011-10-28,3.6972625
2011-10-29,3.4475646
2011-10-30,3.0536168
2011-10-31,2.5353823
2011-11-01,2.3921041
2011-11-02,2.693525
2011-11-03,3.3295217
2011-11-04,3.524191
2011-11-05,3.5168853
2011-11-06,3.7133634
2011-11-07,3.2870438
2011-11-08,2.8796875
2011-11-09,2.9059236
2011-11-10,3.466995
2011-11-11,3.650594
2011-11-12,3.9071214
2011-11-13,4.2968907
2011-11-14,3.77667
2011-11-15,2.9196925
2011-11-16,2.6400533
2011-11-17,3.4261878
2011-11-18,4.278195
2011-11-19,4.595212
2011-11-20,4.183202
2011-11-21,3.581225
2011-11-22,3.2376852
2011-11-23,3.5908332
2011-11-24,3.8133097
2011-11-25,4.0525107
2011-11-26,4.2488027
2011-11-27,4.301486
2011-11-28,4.3791585
2011-11-29,4.6558294
2011-11-30,4.205209
2011-12-01,3.7906039
2011-12-02,4.170262
2011-12-03,4.841974
2011-12-04,4.490263
2011-12-05,4.559695
2011-12-06,4.557283
2011-12-07,3.926775
2011-12-08,3.3336408
2011-12-09,3.3503957
2011-12-10,3.5799758
2011-12-11,3.6962209
2011-12-12,3.6418362
2011-12-13,3.6905522
2011-12-14,3.7364573
2011-12-15,3.678116
2011-12-16,4.0925617
2011-12-17,4.1618013
2011-12-18,4.0958967
2011-12-19,3.872945
2011-12-20,3.598082
2011-12-21,3.4617338
2011-12-22,4.214907
2011-12-23,4.6936245
2011-12-24,4.60768
2011-12-25,4.12993
2011-12-26,3.4651585
2011-12-27,2.877487
2011-12-28,3.1632998
2011-12-29,3.8049705
2011-12-30,4.3240204
2011-12-31,4.3582
2012-01-01,3.9435492
2012-01-02,3.2345972
2012-01-03,2.9487193
2012-01-04,3.261898
2012-01-05,3.7309504
2012-01-06,3.8954077
2012-01-07,4.0151944
2012-01-08,3.591969
2012-01-09,3.0324612
2012-01-10,3.121499
2012-01-11,3.427168
2012-01-12,3.4696836
2012-01-13,3.7042844
2012-01-14,3.7718763
2012-01-15,3.7838738
2012-01-16,3.7435203
2012-01-17,3.7104213
2012-01-18,3.7485607
2012-01-19,3.4190676
2012-01-20,3.484269
2012-01-21,3.8176975
2012-01-22,3.9922838
2012-01-23,3.950976
2012-01-24,3.8937967
2012-01-25,3.4081204
2012-01-26,3.2524428
2012-01-27,3.2953696
2012-01-28,3.6196258
2012-01-29,3.917084
2012-01-30,3.6761272
2012-01-31,3.317242
2012-02-01,3.0150275
2012-02-02,2.9537232
2012-02-03,3.1955552
2012-02-04,3.5347843
2012-02-05,3.6257465
2012-02-06,3.1962452
2012-02-07,2.7147703
2012-02-08,2.8535697
2012-02-09,3.5776358
2012-02-10,4.0074763
2012-02-11,3.910623
2012-02-12,3.50411
2012-02-13,3.0392876
2012-02-14,3.0404391
2012-02-15,3.0490222
2012-02-16,3.3582802
2012-02-17,3.6539917
2012-02-18,3.9733648
2012-02-19,3.616717
2012-02-20,3.4543803
2012-02-21,3.2167213
2012-02-22,3.161315
2012-02-23,3.3822455
2012-02-24,3.631243
2012-02-25,3.792569
2012-02-26,3.839854
2012-02-27,3.5989592
2012-02-28,3.5217397
2012-02-29,3.5669532
2012-03-01,3.5485458
2012-03-02,3.7272203
2012-03-03,3.8331413
2012-03-04,3.898824
2012-03-05,3.8820164
2012-03-06,3.486206
2012-03-07,3.088683
2012-03-08,3.0357356
2012-03-09,3.577755
2012-03-10,3.8090167
2012-03-11,3.6381269
2012-03-12,3.0595021
2012-03-13,2.7900739
2012-03-14,2.838776
2012-03-15,2.8294795
2012-03-16,3.2179728
2012-03-17,3.1533804
2012-03-18,3.1724744
2012-03-19,3.196567
2012-03-20,3.2723532
2012-03-21,3.3864305
2012-03-22,3.7276742
2012-03-23,3.909995
2012-03-24,3.6081808
2012-03-25,3.128637
2012-03-26,3.3385704
2012-03-27,3.0113816
2012-03-28,3.1572275
2012-03-29,3.701782
2012-03-30,4.011009
2012-03-31,4.2344146
2012-04-01,4.11854
2012-04-02,3.4412494
2012-04-03,2.7917697
2012-04-04,3.0524359
2012-04-05,3.673093
2012-04-06,4.3465686
2012-04-07,4.634199
2012-04-08,4.175026
2012-04-09,3.7074249
2012-04-10,3.3107452
2012-04-11,3.257732
2012-04-12,3.760674
2012-04-13,4.290883
2012-04-14,4.9359837
2012-04-15,4.8353004
2012-04-16,3.992663
2012-04-17,3.1141899
2012-04-18,2.8933573
2012-04-19,3.512613
2012-04-20,4.246955
2012-04-21,5.0230455
2012-04-22,4.997702
2012-04-23,3.996925
2012-04-24,3.7097855
2012-04-25,3.608981
2012-04-26,3.7844298
2012-04-27,4.046183
2012-04-28,4.0788875
2012-04-29,3.937808
2012-04-30,4.032713
2012-05-01,3.920537
2012-05-02,3.4484758
2012-05-03,3.1882102
2012-05-04,3.3606575
2012-05-05,3.8126702
2012-05-06,3.9599402
2012-05-07,3.4568233
2012-05-08,3.5299814
2012-05-09,3.8286464
2012-05-10,3.9848993
2012-05-11,3.9477499
2012-05-12,3.708065
2012-05-13,3.678423
2012-05-14,3.912821
2012-05-15,4.094934
2012-05-16,3.9157872
2012-05-17,3.9575212
2012-05-18,4.01414
2012-05-19,4.0767
2012-05-20,4.1728745
2012-05-21,4.2655025
2012-05-22,4.0498853
2012-05-23,4.108939
2012-05-24,4.2966914
2012-05-25,4.7647395
2012-05-26,4.8776393
2012-05-27,4.836976
2012-05-28,4.471827
2012-05-29,4.197296
2012-05-30,4.291012
2012-05-31,4.600106
2012-06-01,4.7968955
2012-06-02,4.7989483
2012-06-03,4.7281733
2012-06-04,4.6067653
2012-06-05,4.336316
2012-06-06,4.113114
2012-06-07,4.0270343
2012-06-08,4.131493
2012-06-09,4.1950912
2012-06-10,4.268465
2012-06-11,4.288708
2012-06-12,4.1561456
2012-06-13,4.066848
2012-06-14,4.105456
2012-06-15,4.188459
2012-06-16,4.434749
2012-06-17,4.5225844
2012-06-18,4.4877734
2012-06-19,4.363267
2012-06-20,4.3546433
2012-06-21,4.5026197
2012-06-22,4.7757807
2012-06-23,5.1098166
2012-06-24,5.0887485
2012-06-25,4.823899
2012-06-26,4.373713
2012-06-27,4.6635933
2012-06-28,4.4596405
2012-06-29,4.834014
2012-06-30,4.821661
2012-07-01,4.6462126
2012-07-02,4.3678093
2012-07-03,4.155659
2012-07-04,4.3103166
2012-07-05,4.150563
2012-07-06,4.4194446
2012-07-07,4.6986017
2012-07-08,4.7081647
2012-07-09,4.6689606
2012-07-10,4.5230107
2012-07-11,4.4676056
2012-07-12,4.6331754
2012-07-13,4.7386208
2012-07-14,5.080398
2012-07-15,5.370887
2012-07-16,5.285447
2012-07-17,4.9991245
2012-07-18,4.360588
2012-07-19,3.4668512
2012-07-20,3.7637186
2012-07-21,4.1994867
2012-07-22,4.5196514
2012-07-23,4.305004
2012-07-24,3.5870507
2012-07-25,3.3106208
2012-07-26,3.5349197
2012-07-27,4.1033545
2012-07-28,4.5370984
2012-07-29,4.7324467
2012-07-30,4.3784103
2012-07-31,3.7798681
2012-08-01,3.8178625
2012-08-02,4.4205174
2012-08-03,4.982884
2012-08-04,5.3935523
2012-08-05,5.390284
2012-08-06,4.7758627
2012-08-07,4.1968327
2012-08-08,3.9993792
2012-08-09,4.2719984
2012-08-10,4.830342
2012-08-11,5.209003
2012-08-12,5.3219337
2012-08-13,5.1444073
2012-08-14,4.3509994
2012-08-15,3.5692244
2012-08-16,4.4369664
2012-08-17,4.903295
2012-08-18,5.476596
2012-08-19,5.5598273
2012-08-20,4.8608418
2012-08-21,3.894329
2012-08-22,3.2586145
2012-08-23,3.5493312
2012-08-24,4.543675
2012-08-25,5.525557
2012-08-26,5.8144093
2012-08-27,5.060048
2012-08-28,4.3114247
2012-08-29,3.8367987
2012-08-30,4.1319304
2012-08-31,4.622295
2012-09-01,4.913213
2012-09-02,5.2768183
2012-09-03,5.161298
2012-09-04,4.7599626
2012-09-05,4.3180056
2012-09-06,4.3558493
2012-09-07,4.7633557
2012-09-08,5.1108694
2012-09-09,5.6844387
2012-09-10,5.382322
2012-09-11,4.671647
2012-09-12,3.705239
2012-09-13,3.6708663
2012-09-14,4.166841
2012-09-15,5.278769
2012-09-16,5.570579
2012-09-17,5.343604
2012-09-18,4.04288
2012-09-19,3.3568804
2012-09-20,3.9174852
2012-09-21,5.0354114
2012-09-22,5.4337955
2012-09-23,5.4818892
2012-09-24,5.225133
2012-09-25,4.4510636
2012-09-26,3.5188642
2012-09-27,3.8716245
2012-09-28,4.8828964
2012-09-29,5.732769
2012-09-30,5.8550553
2012-10-01,5.184055
2012-10-02,3.5207727
2012-10-03,3.1316385
2012-10-04,3.710942
2012-10-05,5.129462
2012-10-06,6.377468
2012-10-07,6.3068895
2012-10-08,5.1047683
2012-10-09,3.3534946
2012-10-10,2.7274914
2012-10-11,3.3786082
2012-10-12,4.591991
2012-10-13,5.7439337
2012-10-14,5.7472367
2012-10-15,4.9234242
2012-10-16,4.0285587
2012-10-17,3.4116018
2012-10-18,3.4904988
2012-10-19,4.366935
2012-10-20,5.161453
2012-10-21,5.6337156
2012-10-22,4.770472
2012-10-23,4.103076
2012-10-24,3.8871074
2012-10-25,4.1447835
2012-10-26,4.571313
2012-10-27,4.785743
2012-10-28,4.9272075
2012-10-29,4.7413573
2012-10-30,4.3128066
2012-10-31,4.0698404
2012-11-01,4.035195
2012-11-02,4.6450872
2012-11-03,5.437894
2012-11-04,5.4883003
2012-11-05,4.526264
2012-11-06,3.4033031
2012-11-07,2.5054083
2012-11-08,2.8751853
2012-11-09,4.079316
2012-11-10,4.8422027
2012-11-11,5.1001797
2012-11-12,4.862115
2012-11-13,3.612789
2012-11-14,2.9050121
2012-11-15,3.1086884
2012-11-16,4.114848
2012-11-17,5.188301
2012-11-18,5.4295015
2012-11-19,4.782511
2012-11-20,3.574694
2012-11-21,2.477652
2012-11-22,2.899034
2012-11-23,4.39353
2012-11-24,5.8994
2012-11-25,6.0640974
2012-11-26,5.035725
2012-11-27,3.4713461
2012-11-28,2.7592988
2012-11-29,3.509621
2012-11-30,5.143285
2012-12-01,6.352437
2012-12-02,6.2049255
2012-12-03,4.9622874
2012-12-04,3.512178
2012-12-05,3.3976445
2012-12-06,4.0749936
2012-12-07,5.273484
2012-12-08,5.95428
2012-12-09,5.996149
2012-12-10,4.3697176
2012-12-11,3.230799
2012-12-12,3.0111187
2012-12-13,3.8144672
2012-12-14,5.091359
2012-12-15,6.0348763
2012-12-16,5.9023294
2012-12-17,4.3628845
2012-12-18,3.2679272
2012-12-19,3.1407309
2012-12-20,3.8612962
2012-12-21,4.8747406
2012-12-22,5.473658
2012-12-23,5.411072
2012-12-24,4.657072
2012-12-25,3.9972138
2012-12-26,3.7850838
2012-12-27,3.8264937
2012-12-28,4.100424
2012-12-29,4.6168594
2012-12-30,5.0012226
2012-12-31,5.0294313
2013-01-01,4.5238037
2013-01-02,4.121762
2013-01-03,4.0433154
2013-01-04,4.729669
2013-01-05,5.3043146
2013-01-06,6.013497
2013-01-07,3.9787648
2013-01-08,2.7067447
2013-01-09,2.6969879
2013-01-10,3.6879287
2013-01-11,4.79538
2013-01-12,5.044769
2013-01-13,4.2074804
2013-01-14,3.1337547
2013-01-15,2.6079645
2013-01-16,3.1633527
2013-01-17,4.086166
2013-01-18,5.0039988
2013-01-19,5.111031
2013-01-20,4.3246384
2013-01-21,3.4460638
2013-01-22,2.983399
2013-01-23,3.3260775
2013-01-24,4.4630604
2013-01-25,5.43272
2013-01-26,5.6902113
2013-01-27,5.033218
2013-01-28,3.9259548
2013-01-29,3.7047079
2013-01-30,4.1516104
2013-01-31,4.5214095
2013-02-01,5.2524137
2013-02-02,5.769931
2013-02-03,5.71945
2013-02-04,4.9411154
2013-02-05,4.2112036
2013-02-06,4.1451063
2013-02-07,4.3085475
2013-02-08,4.829377
2013-02-09,5.5284405
2013-02-10,5.8295746
2013-02-11,5.1769624
2013-02-12,4.03311
2013-02-13,3.0092366
2013-02-14,3.753283
2013-02-15,4.9848285
2013-02-16,5.881365
2013-02-17,5.799552
2013-02-18,4.789345
2013-02-19,3.907564
2013-02-20,3.7731974
2013-02-21,4.528316
2013-02-22,5.3222566
2013-02-23,5.844333
2013-02-24,5.7956767
2013-02-25,5.24439
2013-02-26,2.9797757
2013-02-27,3.1434212
2013-02-28,4.102658
2013-03-01,4.5049505
2013-03-02,4.7304034
2013-03-03,3.7847621
2013-03-04,3.3522854
2013-03-05,3.1540823
2013-03-06,3.3225517
2013-03-07,3.3702328
2013-03-08,3.325355
2013-03-09,3.4213881
2013-03-10,3.3403146
2013-03-11,3.1637592
2013-03-12,3.4368536
2013-03-13,3.6930244
2013-03-14,3.5164552
2013-03-15,3.228715
2013-03-16,3.4460917
2013-03-17,3.685353
2013-03-18,3.890746
2013-03-19,3.567369
2013-03-20,3.5072784
2013-03-21,3.5458095
2013-03-22,3.8243544
2013-03-23,4.174589
2013-03-24,4.0524693
2013-03-25,3.7922509
2013-03-26,3.5370932
2013-03-27,3.5395174
2013-03-28,3.970705
2013-03-29,4.279392
2013-03-30,4.236381
2013-03-31,3.777667
2013-04-01,3.4460094
2013-04-02,3.203321
2013-04-03,3.1194577
2013-04-04,3.2584724
2013-04-05,3.7402875
2013-04-06,3.9706326
2013-04-07,4.168878
2013-04-08,3.7532501
2013-04-09,3.2613223
2013-04-10,2.7828536
2013-04-11,2.6930466
2013-04-12,3.4152858
2013-04-13,4.422443
2013-04-14,4.78046
2013-04-15,4.1549144
2013-04-16,3.1726263
2013-04-17,2.929822
2013-04-18,3.3929696
2013-04-19,4.2949934
2013-04-20,5.05661
2013-04-21,5.2999597
2013-04-22,4.870501
2013-04-23,4.168198
2013-04-24,3.4882603
2013-04-25,3.6089325
2013-04-26,4.649349
2013-04-27,5.579489
2013-04-28,5.886911
2013-04-29,4.9665055
2013-04-30,3.72179
2013-05-01,3.1067977
2013-05-02,3.7665095
2013-05-03,4.7154884
2013-05-04,5.6665254
2013-05-05,5.7316947
2013-05-06,4.8576035
2013-05-07,3.714256
2013-05-08,2.812212
2013-05-09,3.2257655
2013-05-10,4.332548
2013-05-11,5.22679
2013-05-12,5.435245
2013-05-13,4.7048283
2013-05-14,3.7921288
2013-05-15,3.157656
2013-05-16,3.6350176
2013-05-17,4.8449697
2013-05-18,5.7579327
2013-05-19,5.9464655
2013-05-20,5.149718
2013-05-21,3.902224
2013-05-22,3.6374922
2013-05-23,4.144592
2013-05-24,5.1245556
2013-05-25,5.8918567
2013-05-26,5.839418
2013-05-27,4.9798894
2013-05-28,4.10019
2013-05-29,3.7307792
2013-05-30,4.1053314
2013-05-31,4.4908285
2013-06-01,5.5850058
2013-06-02,5.333177
2013-06-03,4.434071
2013-06-04,3.8693786
2013-06-05,4.032582
2013-06-06,4.32871
2013-06-07,4.7119493
2013-06-08,4.9287024
2013-06-09,4.8292823
2013-06-10,4.4422026
2013-06-11,4.1147013
2013-06-12,3.928989
2013-06-13,3.8459358
2013-06-14,3.9415033
2013-06-15,3.9186084
2013-06-16,4.324658
2013-06-17,4.300024
2013-06-18,4.3543587
2013-06-19,4.347238
2013-06-20,4.276532
2013-06-21,4.201211
2013-06-22,4.359308
2013-06-23,4.577565
2013-06-24,4.85902
2013-06-25,5.0853434
2013-06-26,4.757934
2013-06-27,4.419794
2013-06-28,4.366649
2013-06-29,4.6584306
2013-06-30,5.0624948
2013-07-01,5.638733
2013-07-02,5.69925
2013-07-03,5.169921
2013-07-04,4.648474
2013-07-05,4.3482127
2013-07-06,4.2224402
2013-07-07,4.940631
2013-07-08,5.320968
2013-07-09,5.4000196
2013-07-10,4.251873
2013-07-11,3.7680964
2013-07-12,3.920023
2013-07-13,4.3689
2013-07-14,5.131158
2013-07-15,5.299808
2013-07-16,4.4963617
2013-07-17,3.9530065
2013-07-18,4.3840184
2013-07-19,5.0141554
2013-07-20,5.5685735
2013-07-21,5.3037767
2013-07-22,4.6231394
2013-07-23,4.08622
2013-07-24,4.003289
2013-07-25,4.2820544
2013-07-26,5.0911117
2013-07-27,5.366195
2013-07-28,5.3235416
2013-07-29,4.5793724
2013-07-30,3.96415
2013-07-31,3.8411539
2013-08-01,4.166343
2013-08-02,4.822187
2013-08-03,5.350862
2013-08-04,5.404499
2013-08-05,5.2079277
2013-08-06,4.435252
2013-08-07,3.9738622
2013-08-08,3.761621
2013-08-09,4.217688
2013-08-10,4.8972387
2013-08-11,5.2359858
2013-08-12,4.981084
2013-08-13,4.3774266
2013-08-14,3.055402
2013-08-15,2.5153263
2013-08-16,2.8655157
2013-08-17,4.095609
2013-08-18,5.373145
2013-08-19,5.2793245
2013-08-20,4.293173
2013-08-21,3.2994905
2013-08-22,2.825951
2013-08-23,3.2851608
2013-08-24,4.2513895
2013-08-25,5.340313
2013-08-26,4.7704954
2013-08-27,3.7805135
2013-08-28,2.6466415
2013-08-29,2.2998614
2013-08-30,3.1416078
2013-08-31,4.5720987
2013-09-01,5.4568033
2013-09-02,4.584813
2013-09-03,3.5507605
2013-09-04,2.8633955
2013-09-05,3.2592564
2013-09-06,4.212088
2013-09-07,5.399722
2013-09-08,5.5250583
2013-09-09,4.79858
2013-09-10,3.7580116
2013-09-11,3.3151894
2013-09-12,3.7752438
2013-09-13,5.140931
2013-09-14,5.8112597
2013-09-15,5.42365
2013-09-16,3.881068
2013-09-17,2.9070969
2013-09-18,2.5752714
2013-09-19,3.2985048
2013-09-20,4.584534
2013-09-21,5.5438967
2013-09-22,4.5323496
2013-09-23,3.5389183
2013-09-24,2.75419
2013-09-25,2.748022
2013-09-26,3.4792154
2013-09-27,4.3279996
2013-09-28,4.534571
2013-09-29,4.2651525
2013-09-30,3.5696044
2013-10-01,2.6673532
2013-10-02,2.418446
2013-10-03,3.133386
2013-10-04,4.026968
2013-10-05,4.340087
2013-10-06,4.285712
2013-10-07,3.2708972
2013-10-08,2.772547
2013-10-09,2.7653286
2013-10-10,3.4913306
2013-10-11,4.152734
2013-10-12,3.887166
2013-10-13,3.7285676
2013-10-14,3.4852252
2013-10-15,3.4241014
2013-10-16,3.2755642
2013-10-17,3.4807112
2013-10-18,3.9443045
2013-10-19,4.407351
2013-10-20,4.2877283
2013-10-21,3.8463767
2013-10-22,3.2217164
2013-10-23,3.0249062
2013-10-24,3.499021
2013-10-25,4.0701594
2013-10-26,4.000938
2013-10-27,3.8126974
2013-10-28,3.4150324
2013-10-29,3.3820703
2013-10-30,3.1257856
2013-10-31,3.2347314
2013-11-01,3.5663154
2013-11-02,3.9811397
2013-11-03,4.18777
2013-11-04,4.1960583
2013-11-05,3.6469238
2013-11-06,3.0791712
2013-11-07,2.8411229
2013-11-08,3.2966726
2013-11-09,4.187995
2013-11-10,4.3809714
2013-11-11,4.08065
2013-11-12,3.2810836
2013-11-13,3.0085273
2013-11-14,3.0203345
2013-11-15,3.5786963
2013-11-16,4.462722
2013-11-17,4.6273766
2013-11-18,4.1767173
2013-11-19,4.096345
2013-11-20,3.4471169
2013-11-21,3.351922
2013-11-22,3.7555382
2013-11-23,4.776152
2013-11-24,5.180508
2013-11-25,5.095533
2013-11-26,3.8478358
2013-11-27,2.8004787
2013-11-28,2.6575766
2013-11-29,3.7570124
2013-11-30,5.431431
2013-12-01,5.7606034
2013-12-02,4.419565
2013-12-03,2.984298
2013-12-04,2.3160686
2013-12-05,2.8198671
2013-12-06,3.9831226
2013-12-07,4.9028525
2013-12-08,4.5854144
2013-12-09,3.729682
2013-12-10,3.0922346
2013-12-11,2.7078938
2013-12-12,2.9133115
2013-12-13,3.6209798
2013-12-14,4.3746533
2013-12-15,4.8625984
2013-12-16,4.35297
2013-12-17,3.4606194
2013-12-18,2.6520813
2013-12-19,2.7811704
2013-12-20,3.8878515
2013-12-21,5.006495
2013-12-22,5.286482
2013-12-23,4.2651415
2013-12-24,3.1739714
2013-12-25,2.725171
2013-12-26,3.2473717
2013-12-27,4.5106916
2013-12-28,5.120171
2013-12-29,4.891019
2013-12-30,4.2081394
2013-12-31,3.5359902
2014-01-01,2.6628306
2014-01-02,2.8244162
2014-01-03,4.049714
2014-01-04,4.863506
2014-01-05,5.2756815
2014-01-06,4.2333307
2014-01-07,3.1829343
2014-01-08,2.846354
2014-01-09,3.270557
2014-01-10,4.1259794
2014-01-11,4.8469324
2014-01-12,4.87671
2014-01-13,4.137425
2014-01-14,3.1516356
2014-01-15,2.7353148
2014-01-16,3.19283
2014-01-17,4.1743846
2014-01-18,4.915548
2014-01-19,4.904591
2014-01-20,4.548432
2014-01-21,3.5237458
2014-01-22,2.6147337
2014-01-23,3.1122565
2014-01-24,4.355789
2014-01-25,5.6526227
2014-01-26,5.86493
2014-01-27,4.208066
2014-01-28,2.6165845
2014-01-29,2.5673494
2014-01-30,3.8567336
2014-01-31,5.4795117
2014-02-01,6.2453985
2014-02-02,5.376685
2014-02-03,3.840864
2014-02-04,2.5241933
2014-02-05,2.817898
2014-02-06,4.153395
2014-02-07,5.528165
2014-02-08,5.6487756
2014-02-09,4.1105423
2014-02-10,3.1101298
2014-02-11,2.8819666
2014-02-12,2.5911727
2014-02-13,3.162033
2014-02-14,4.1542397
2014-02-15,4.9642625
2014-02-16,4.7061644
2014-02-17,3.9172876
2014-02-18,2.993375
2014-02-19,2.5735593
2014-02-20,3.0586567
2014-02-21,3.8166785
2014-02-22,4.1796517
2014-02-23,3.9084902
2014-02-24,3.3763797
2014-02-25,3.0162544
2014-02-26,2.951564
2014-02-27,3.316659
2014-02-28,3.9459686
2014-03-01,3.8607635
2014-03-02,3.2911544
2014-03-03,3.182224
2014-03-04,3.0293775
2014-03-05,2.8445
2014-03-06,3.0987751
2014-03-07,3.0985289
2014-03-08,3.3954716
2014-03-09,3.2049136
2014-03-10,3.0625372
2014-03-11,3.1519082
2014-03-12,3.2538953
2014-03-13,3.2988012
2014-03-14,3.6094918
2014-03-15,3.4009018
2014-03-16,3.1945846
2014-03-17,3.242693
2014-03-18,3.298223
2014-03-19,3.4434347
2014-03-20,3.6122007
2014-03-21,3.2723145
2014-03-22,3.1007872
2014-03-23,2.9938822
2014-03-24,2.9762454
2014-03-25,3.1984012
2014-03-26,3.2058883
2014-03-27,3.2854786
2014-03-28,3.187157
2014-03-29,3.1091068
2014-03-30,3.1275868
2014-03-31,2.9774704
2014-04-01,3.1571546
2014-04-02,2.9604185
2014-04-03,3.0009394
2014-04-04,3.2767737
2014-04-05,3.5194283
2014-04-06,3.531846
2014-04-07,3.073531
2014-04-08,2.63177
2014-04-09,2.3759022
2014-04-10,2.615273
2014-04-11,3.1324723
2014-04-12,3.500895
2014-04-13,3.292054
2014-04-14,2.964658
2014-04-15,2.599751
2014-04-16,2.4434893
2014-04-17,2.5734813
2014-04-18,2.6059659
2014-04-19,2.775083
2014-04-20,3.0561008
2014-04-21,2.8792727
2014-04-22,2.6183333
2014-04-23,2.5921304
2014-04-24,2.6604881
2014-04-25,2.9383786
2014-04-26,2.978105
2014-04-27,2.9538515
2014-04-28,2.631792
2014-04-29,2.380944
2014-04-30,2.3625135
2014-05-01,2.5718892
2014-05-02,2.7218378
2014-05-03,2.794711
2014-05-04,3.009133
2014-05-05,2.8758986
2014-05-06,2.7791924
2014-05-07,2.7425296
2014-05-08,2.9037602
2014-05-09,3.092601
2014-05-10,3.1595838
2014-05-11,2.913628
2014-05-12,2.6853294
2014-05-13,2.4280152
2014-05-14,2.2659156
2014-05-15,2.3598416
2014-05-16,2.4535923
2014-05-17,2.4286208
2014-05-18,2.4310977
2014-05-19,2.3743682
2014-05-20,2.1125436
2014-05-21,2.2652454
2014-05-22,2.0905125
2014-05-23,2.2421856
2014-05-24,2.503595
2014-05-25,2.5556223
2014-05-26,2.9778965
2014-05-27,2.782848
2014-05-28,2.468265
2014-05-29,2.697647
2014-05-30,2.9268951
2014-05-31,3.0958097
2014-06-01,3.2718596
2014-06-02,3.373563
2014-06-03,3.2537124
2014-06-04,3.1137145
2014-06-05,3.1784785
2014-06-06,3.111039
2014-06-07,3.1671906
2014-06-08,3.5299842
2014-06-09,3.5676084
2014-06-10,3.3866544
2014-06-11,3.1578982
2014-06-12,3.16904
2014-06-13,3.5018103
2014-06-14,3.4894853
2014-06-15,3.400001
2014-06-16,3.189634
2014-06-17,3.0009594
2014-06-18,2.748651
2014-06-19,2.8799477
2014-06-20,3.0509615
2014-06-21,2.9464636
2014-06-22,2.9673495
2014-06-23,2.66176
2014-06-24,2.3748207
2014-06-25,2.5359654
2014-06-26,2.4897454
2014-06-27,2.536911
2014-06-28,2.8792963
2014-06-29,2.8029416
2014-06-30,2.9035902
2014-07-01,2.8828065
2014-07-02,2.8225276
2014-07-03,2.8966846
2014-07-04,2.9763231
2014-07-05,3.2427993
2014-07-06,3.363108
2014-07-07,3.2204604
2014-07-08,3.1270196
2014-07-09,2.867057
2014-07-10,2.9535885
2014-07-11,2.9860163
2014-07-12,3.1038299
2014-07-13,3.0563965
2014-07-14,3.1662629
2014-07-15,2.9391224
2014-07-16,3.0484633
2014-07-17,2.913185
2014-07-18,2.8138435
2014-07-19,2.888752
2014-07-20,2.866821
2014-07-21,3.046208
2014-07-22,3.0521135
2014-07-23,3.0166726
2014-07-24,2.8677855
2014-07-25,2.9116085
2014-07-26,3.0433757
2014-07-27,3.228262
2014-07-28,3.1248364
2014-07-29,3.2093546
2014-07-30,3.1886625
2014-07-31,3.1368413
2014-08-01,3.0612793
2014-08-02,3.1230035
2014-08-03,3.4114103
2014-08-04,3.3256257
2014-08-05,3.0976512
2014-08-06,3.215639
2014-08-07,3.3969328
2014-08-08,3.459602
2014-08-09,3.5411894
2014-08-10,3.5622067
2014-08-11,3.4994543
2014-08-12,3.3523378
2014-08-13,3.01014
2014-08-14,3.0280068
2014-08-15,3.1759982
2014-08-16,3.570115
2014-08-17,3.9091322
2014-08-18,4.0239778
2014-08-19,3.451294
2014-08-20,2.988545
2014-08-21,2.8808117
2014-08-22,3.0976996
2014-08-23,3.679049
2014-08-24,4.3289833
2014-08-25,4.234474
2014-08-26,3.2920966
2014-08-27,2.6700249
2014-08-28,2.693442
2014-08-29,3.3501554
2014-08-30,4.496162
2014-08-31,4.9966745
2014-09-01,4.564605
2014-09-02,3.4667432
2014-09-03,2.673135
2014-09-04,2.6357887
2014-09-05,3.6686578
2014-09-06,5.0794067
2014-09-07,5.3761826
2014-09-08,4.679145
2014-09-09,3.4765222
2014-09-10,2.8181129
2014-09-11,3.1581147
2014-09-12,4.439892
2014-09-13,5.2450447
2014-09-14,4.7602572
2014-09-15,3.302541
2014-09-16,2.6242921
2014-09-17,2.4371781
2014-09-18,2.6338818
2014-09-19,3.0950346
2014-09-20,3.279685
2014-09-21,2.9953089
2014-09-22,3.0159557
2014-09-23,2.7032888
2014-09-24,2.524551
2014-09-25,2.581127
2014-09-26,2.6647189
2014-09-27,2.6882572
2014-09-28,2.699828
2014-09-29,2.713665
2014-09-30,2.565777
2014-10-01,2.6197147
2014-10-02,2.3074183
2014-10-03,2.3367696
2014-10-04,2.297485
2014-10-05,2.6495602
2014-10-06,2.662628
2014-10-07,2.9476357
2014-10-08,2.675715
2014-10-09,2.7221923
2014-10-10,2.9255412
2014-10-11,3.1881468
2014-10-12,3.4906836
2014-10-13,3.474246
2014-10-14,3.1440084
2014-10-15,2.9587176
2014-10-16,2.889337
2014-10-17,3.2253602
2014-10-18,3.520812
2014-10-19,3.4994085
2014-10-20,3.231016
2014-10-21,2.834929
2014-10-22,2.550525
2014-10-23,2.6021013
2014-10-24,2.771554
2014-10-25,2.8113616
2014-10-26,2.791036
2014-10-27,2.5874014
2014-10-28,2.4362006
2014-10-29,2.2570498
2014-10-30,2.235366
2014-10-31,2.1289902
2014-11-01,2.3246562
2014-11-02,2.2871678
2014-11-03,2.1725833
2014-11-04,2.0699966
2014-11-05,2.1335354
2014-11-06,2.2154145
2014-11-07,2.039872
2014-11-08,1.9571927
2014-11-09,2.0632832
2014-11-10,1.8336148
2014-11-11,1.7830479
2014-11-12,2.0907462
2014-11-13,2.3223295
2014-11-14,2.2597373
2014-11-15,2.2910984
2014-11-16,2.327915
2014-11-17,2.509887
2014-11-18,2.38574
2014-11-19,2.4235778
2014-11-20,2.6256404
2014-11-21,2.877638
2014-11-22,2.5875072
2014-11-23,2.551071
2014-11-24,2.4611537
2014-11-25,2.3015757
2014-11-26,2.4079423
2014-11-27,2.6707807
2014-11-28,2.786137
2014-11-29,2.7315392
2014-11-30,2.4524648
2014-12-01,2.219249
2014-12-02,1.8420938
2014-12-03,1.7454168
2014-12-04,1.9459096
2014-12-05,1.9423391
2014-12-06,2.0407474
2014-12-07,2.0025382
2014-12-08,1.9924784
2014-12-09,2.0255609
2014-12-10,2.053803
2014-12-11,1.9434227
2014-12-12,2.2310145
2014-12-13,2.3082948
2014-12-14,2.41189
2014-12-15,2.4597688
2014-12-16,2.5758038
2014-12-17,2.3717551
2014-12-18,2.3892882
2014-12-19,2.4052658
2014-12-20,2.4175155
2014-12-21,2.4910905
2014-12-22,2.2690334
2014-12-23,2.1408448
2014-12-24,2.0700896
2014-12-25,2.0784948
2014-12-26,2.0566344
2014-12-27,2.084097
2014-12-28,2.1250067
2014-12-29,2.0295484
2014-12-30,2.1363482
2014-12-31,2.3301148
2015-01-01,2.4507272
2015-01-02,2.2908418
2015-01-03,2.25994
2015-01-04,2.282464
2015-01-05,2.3633842
2015-01-06,2.381043
2015-01-07,2.6631672
2015-01-08,2.8118935
2015-01-09,2.798309
2015-01-10,2.8396587
2015-01-11,2.8202477
2015-01-12,2.827041
2015-01-13,2.7911532
2015-01-14,2.7100024
2015-01-15,2.8001556
2015-01-16,2.6322868
2015-01-17,2.4740243
2015-01-18,2.2858458
2015-01-19,2.2000957
2015-01-20,2.4356532
2015-01-21,2.3354824
2015-01-22,2.2692957
2015-01-23,2.2377188
2015-01-24,2.6752408
2015-01-25,2.453893
2015-01-26,2.3188658
2015-01-27,2.2614698
2015-01-28,2.2751415
2015-01-29,2.2196074
2015-01-30,2.0178802
2015-01-31,1.8962116
2015-02-01,1.7869086
2015-02-02,1.8078496
2015-02-03,1.7448926
2015-02-04,2.036953
2015-02-05,2.3450007
2015-02-06,2.6393573
2015-02-07,2.65724
2015-02-08,2.4656267
2015-02-09,2.0974567
2015-02-10,1.9634304
2015-02-11,1.7895877
2015-02-12,1.8033438
2015-02-13,2.0935884
2015-02-14,2.1127958
2015-02-15,2.0749354
2015-02-16,1.9996674
2015-02-17,2.0219796
2015-02-18,2.165075
2015-02-19,2.1572454
2015-02-20,2.687268
2015-02-21,2.604635
2015-02-22,2.7376833
2015-02-23,2.8829722
2015-02-24,2.9708595
2015-02-25,3.0225308
2015-02-26,2.9887815
2015-02-27,2.5950806
2015-02-28,2.4096546
2015-03-01,2.507435
2015-03-02,2.8164272
2015-03-03,2.890326
2015-03-04,2.7676718
2015-03-05,2.7660952
2015-03-06,2.441993
2015-03-07,2.5184817
2015-03-08,2.5407398
2015-03-09,2.7877746
2015-03-10,2.7567196
2015-03-11,2.5999603
2015-03-12,2.4749858
2015-03-13,2.4736352
2015-03-14,2.468539
2015-03-15,2.5123687
2015-03-16,2.5477693
2015-03-17,2.6284013
2015-03-18,3.0550983
2015-03-19,3.0423431
2015-03-20,2.957197
2015-03-21,2.9443924
2015-03-22,2.5879588
2015-03-23,2.466507
2015-03-24,2.68111
2015-03-25,2.7961152
2015-03-26,2.8229694
2015-03-27,2.7815685
2015-03-28,2.7655058
2015-03-29,2.7538507
2015-03-30,2.7021246
2015-03-31,2.3368263
2015-04-01,2.2646198
2015-04-02,2.317199
2015-04-03,2.6792293
2015-04-04,2.801569
2015-04-05,3.057265
2015-04-06,2.6321065
2015-04-07,2.4117115
2015-04-08,2.5574527
2015-04-09,2.97382
2015-04-10,3.181661
2015-04-11,3.0855145
2015-04-12,2.9142666
2015-04-13,2.733747
2015-04-14,2.5755734
2015-04-15,2.7553203
2015-04-16,3.0515103
2015-04-17,2.9934804
2015-04-18,2.8245304
2015-04-19,2.7162757
2015-04-20,2.3109722
2015-04-21,2.2035902
2015-04-22,2.4170096
2015-04-23,2.630764
2015-04-24,2.7815747
2015-04-25,2.8112226
2015-04-26,2.7907739
2015-04-27,2.706345
2015-04-28,2.5311446
2015-04-29,2.501416
2015-04-30,2.520319
2015-05-01,2.8878357
2015-05-02,2.686452
2015-05-03,2.5516381
2015-05-04,2.4729953
2015-05-05,2.4722087
2015-05-06,2.9272466
2015-05-07,2.9448977
2015-05-08,2.781554
2015-05-09,2.8367467
2015-05-10,2.9273922
2015-05-11,3.0462253
2015-05-12,3.0678856
2015-05-13,2.7989197
2015-05-14,2.7334943
2015-05-15,2.5432193
2015-05-16,2.5645182
2015-05-17,2.7341564
2015-05-18,2.9673874
2015-05-19,2.7456698
2015-05-20,2.6062608
2015-05-21,2.7255504
2015-05-22,2.7169669
2015-05-23,2.756181
2015-05-24,2.4048996
2015-05-25,2.2776935
2015-05-26,2.409111
2015-05-27,2.3025403
2015-05-28,2.3420298
2015-05-29,2.4539797
2015-05-30,2.4089863
2015-05-31,2.2115588
2015-06-01,2.331385
2015-06-02,2.0626554
2015-06-03,2.085037
2015-06-04,2.1492658
2015-06-05,2.2034693
2015-06-06,2.5882058
2015-06-07,2.5696578
2015-06-08,2.4776297
2015-06-09,2.5114038
2015-06-10,2.7295072
2015-06-11,2.8220365
2015-06-12,2.7113652
2015-06-13,2.5954123
2015-06-14,2.6235135
2015-06-15,2.638954
2015-06-16,2.8135622
2015-06-17,2.7574127
2015-06-18,2.7297397
2015-06-19,2.799791
2015-06-20,2.7980084
2015-06-21,2.8825068
2015-06-22,2.8951674
2015-06-23,2.6407392
2015-06-24,2.6562486
2015-06-25,2.9476395
2015-06-26,3.1637971
2015-06-27,3.4643319
2015-06-28,3.1639063
2015-06-29,2.8409178
2015-06-30,2.648322
2015-07-01,2.4981878
2015-07-02,2.5591586
2015-07-03,2.5828862
2015-07-04,2.7040815
2015-07-05,2.7221923
2015-07-06,2.772418
2015-07-07,2.7543926
2015-07-08,2.422609
2015-07-09,2.394915
2015-07-10,2.566125
2015-07-11,2.5248895
2015-07-12,2.6493773
2015-07-13,2.4903274
2015-07-14,2.3692353
2015-07-15,2.2585948
2015-07-16,2.264845
2015-07-17,2.1645143
2015-07-18,1.9748285
2015-07-19,2.0419674
2015-07-20,2.2669587
2015-07-21,2.2132692
2015-07-22,2.231185
2015-07-23,2.1631122
2015-07-24,2.20769
2015-07-25,2.1417167
2015-07-26,2.128078
2015-07-27,2.2021828
2015-07-28,2.0658572
2015-07-29,1.9888837
2015-07-30,2.089272
2015-07-31,2.2964375
2015-08-01,2.5411763
2015-08-02,2.5535965
2015-08-03,2.5042
2015-08-04,2.119798
2015-08-05,1.8180596
2015-08-06,1.9711174
2015-08-07,2.196056
2015-08-08,2.2971287
2015-08-09,2.289406
2015-08-10,2.4834592
2015-08-11,2.539934
2015-08-12,2.4405627
2015-08-13,2.6722827
2015-08-14,2.6890006
2015-08-15,2.611035
2015-08-16,2.6942043
2015-08-17,3.102345
2015-08-18,2.8535485
2015-08-19,2.5992274
2015-08-20,2.6110291
2015-08-21,2.6135185
2015-08-22,2.813195
2015-08-23,2.9541361
2015-08-24,2.6907945
2015-08-25,2.3846571
2015-08-26,2.4771721
2015-08-27,2.7323258
2015-08-28,2.7420418
2015-08-29,2.6423426
2015-08-30,2.503184
2015-08-31,2.4784677
2015-09-01,2.486563
2015-09-02,2.299366
2015-09-03,2.2014465
2015-09-04,2.336729
2015-09-05,2.447343
2015-09-06,2.3893898
2015-09-07,2.1734245
2015-09-08,1.9264417
2015-09-09,1.7517536
2015-09-10,1.8021951
2015-09-11,1.6996346
2015-09-12,1.7427924
2015-09-13,1.8732703
2015-09-14,1.8583589
2015-09-15,1.8709751
2015-09-16,1.7987783
2015-09-17,1.824281
2015-09-18,1.8144208
2015-09-19,1.9602631
2015-09-20,1.9491059
2015-09-21,2.147173
2015-09-22,2.3713672
2015-09-23,2.4178987
2015-09-24,2.3645415
2015-09-25,2.5625849
2015-09-26,2.8949764
2015-09-27,2.8681066
2015-09-28,2.5950453
2015-09-29,2.4986396
2015-09-30,2.3408186
2015-10-01,2.4285061
2015-10-02,2.3025663
2015-10-03,2.343249
2015-10-04,2.4575608
2015-10-05,2.733604
2015-10-06,2.644705
2015-10-07,2.3955145
2015-10-08,2.1554823
2015-10-09,2.01517
2015-10-10,1.9629697
2015-10-11,2.072279
2015-10-12,2.1324573
2015-10-13,2.0368376
2015-10-14,2.1581845
2015-10-15,2.131636
2015-10-16,2.1538563
2015-10-17,2.3417447
2015-10-18,2.3607924
2015-10-19,2.1312551
2015-10-20,1.9277445
2015-10-21,1.9605219
2015-10-22,1.9740846
2015-10-23,2.114468
2015-10-24,2.034499
2015-10-25,1.9728882
2015-10-26,1.852332
2015-10-27,1.8280401
2015-10-28,2.057464
2015-10-29,2.1462739
2015-10-30,2.0368953
2015-10-31,1.9857867
2015-11-01,1.7573473
2015-11-02,1.6350584
2015-11-03,1.5741502
2015-11-04,1.610371
2015-11-05,1.7771612
2015-11-06,1.7259907
2015-11-07,1.8950888
2015-11-08,1.994083
2015-11-09,2.250332
2015-11-10,2.4944766
2015-11-11,2.4258616
2015-11-12,2.325323
2015-11-13,2.3188534
2015-11-14,2.3648453
2015-11-15,2.5232596
2015-11-16,2.1653888
2015-11-17,2.0236638
2015-11-18,1.927516
2015-11-19,2.1592543
2015-11-20,2.3923392
2015-11-21,2.294803
2015-11-22,2.2194269
2015-11-23,2.1753163
2015-11-24,2.2379284
2015-11-25,2.3415613
2015-11-26,2.0986059
2015-11-27,1.9288692
2015-11-28,1.7709911
2015-11-29,1.816623
2015-11-30,1.7738669
2015-12-01,1.7081453
2015-12-02,2.106536
2015-12-03,1.9483911
2015-12-04,1.8882092
2015-12-05,2.1438267
2015-12-06,2.4206564
2015-12-07,2.6120756
2015-12-08,2.3988512
2015-12-09,2.0587792
2015-12-10,1.9125417
2015-12-11,1.8120909
2015-12-12,2.0771625
2015-12-13,2.0932093
2015-12-14,2.0957375
2015-12-15,2.020547
2015-12-16,2.13629
2015-12-17,2.4829497
2015-12-18,2.5457082
2015-12-19,2.2806923
2015-12-20,2.2135658
2015-12-21,2.122704
2015-12-22,2.2325742
2015-12-23,2.1971395
2015-12-24,2.3954244
2015-12-25,2.4230573
2015-12-26,2.448883
2015-12-27,2.4030564
2015-12-28,2.4097197
2015-12-29,2.1816592
2015-12-30,1.9442289
2015-12-31,1.8106155
2016-01-01,1.8754876
2016-01-02,1.9642807
2016-01-03,2.3302321
2016-01-04,2.4632638
2016-01-05,2.332398
2016-01-06,2.2129564
2016-01-07,2.4294388
2016-01-08,2.6904974
2016-01-09,2.9653373
2016-01-10,2.9169118
2016-01-11,2.9405842
2016-01-12,2.7487633
2016-01-13,2.5710866
2016-01-14,2.6499872
2016-01-15,2.90925
2016-01-16,3.3800945
2016-01-17,3.217071
2016-01-18,2.8690155
2016-01-19,2.6303666
2016-01-20,2.5215678
2016-01-21,2.2663722
2016-01-22,2.3806632
2016-01-23,2.5401945
2016-01-24,2.6927924
2016-01-25,2.715223
2016-01-26,2.581616
2016-01-27,2.3223748
2016-01-28,2.3066113
2016-01-29,2.3702905
2016-01-30,2.533455
2016-01-31,2.4620197
2016-02-01,2.3087456
2016-02-02,2.175219
2016-02-03,2.3077128
2016-02-04,2.1986265
2016-02-05,1.9292799
2016-02-06,1.9951969
2016-02-07,2.402669
2016-02-08,2.8432763
2016-02-09,2.7949195
2016-02-10,2.5381644
2016-02-11,2.301016
2016-02-12,2.5054288
2016-02-13,2.6768773
2016-02-14,2.6222303
2016-02-15,2.807067
2016-02-16,2.700029
2016-02-17,2.569853
2016-02-18,2.4019127
2016-02-19,2.5298274
2016-02-20,2.8961623
2016-02-21,2.9657974
2016-02-22,2.6547093
2016-02-23,2.7193062
2016-02-24,2.6778839
2016-02-25,2.5768027
2016-02-26,2.577868
2016-02-27,2.7388158
2016-02-28,2.9683433
2016-02-29,2.9657533
2016-03-01,2.5435536
2016-03-02,2.2704477
2016-03-03,2.5814264
2016-03-04,2.78674
2016-03-05,2.8058238
2016-03-06,2.8463788
2016-03-07,2.654898
2016-03-08,2.6691031
2016-03-09,2.6826406
2016-03-10,2.713775
2016-03-11,2.5852163
2016-03-12,2.673724
2016-03-13,3.3186212
2016-03-14,3.3722908
2016-03-15,3.0451834
2016-03-16,2.7039962
2016-03-17,2.8395169
2016-03-18,3.3478355
2016-03-19,3.6358
2016-03-20,3.2789278
2016-03-21,3.2382965
2016-03-22,2.9183474
2016-03-23,2.765577
2016-03-24,3.1561074
2016-03-25,3.5918243
2016-03-26,3.5041263
