k_pctile,tier,tier_name,k_mean,count,tot_count,density
9,1,Ivy Plus,0,4140,52724,.0785221151657689
9,2,Other elite schools (public and private),0,15298,183973,.0831535062210216
9,3,Highly selective public,0,31503,393548,.0800486852937888
9,4,Highly selective private,0,11753,134098,.0876448567465585
9,5,Selective public,0,182798,1944082,.0940279268055566
9,6,Selective private,0,48648,486852,.0999235907421557
9,7,Nonselective four-year public,0,35788,257854,.1387917193450557
9,8,Nonselective four-year private not-for-profit,0,9129,55947,.1631722880583409
9,9,Two-year (public and private not-for-profit),0,282882,2021451,.1399400727497228
9,10,Four-year for-profit,0,17010,126025,.1349732195992859
9,11,Two-year for-profit,0,5669,42313,.1339777373384067
9,12,Less than two-year schools of any type,0,1977,10121,.1953364292066001
9,13,Attending college with insufficient data,0,131980,942344,.1400550117579143
9,14.1,Late attender (ages 23-28),0,231267,1239448,.1865887072309609
9,14.2,Never attended college (before year 2013),0,961279,2866578,.3353402558730305
18,1,Ivy Plus,100,105,52724,.001991502920871
18,2,Other elite schools (public and private),100,461,183973,.0025058024818859
18,3,Highly selective public,200,1026,393548,.0026070517446411
18,4,Highly selective private,100,372,134098,.0027740905904637
18,5,Selective public,200,7151,1944082,.0036783427859524
18,6,Selective private,100,1736,486852,.0035657653660661
18,7,Nonselective four-year public,200,1372,257854,.005320840475618
18,8,Nonselective four-year private not-for-profit,200,343,55947,.0061308023665255
18,9,Two-year (public and private not-for-profit),100,12218,2021451,.0060441732201275
18,10,Four-year for-profit,100,824,126025,.0065383852410236
18,11,Two-year for-profit,100,240,42313,.0056720156925767
18,12,Less than two-year schools of any type,100,93,10121,.0091888153344531
18,13,Attending college with insufficient data,100,5561,942344,.0059012420092875
18,14.1,Late attender (ages 23-28),100,12936,1239448,.0104369041702435
18,14.2,Never attended college (before year 2013),100,28337,2866578,.0098853057548059
19,1,Ivy Plus,600,201,52724,.0038123055913815
19,2,Other elite schools (public and private),600,843,183973,.004582194126312
19,3,Highly selective public,600,1921,393548,.0048812343094108
19,4,Highly selective private,600,720,134098,.0053692075944459
19,5,Selective public,600,12186,1944082,.0062682541168531
19,6,Selective private,600,3195,486852,.0065625693229154
19,7,Nonselective four-year public,600,2202,257854,.0085397162735501
19,8,Nonselective four-year private not-for-profit,600,615,55947,.0109925465172395
19,9,Two-year (public and private not-for-profit),600,18220,2021451,.0090133275553056
19,10,Four-year for-profit,600,1086,126025,.0086173378297957
19,11,Two-year for-profit,600,325,42313,.0076808545836977
19,12,Less than two-year schools of any type,600,141,10121,.0139314297006225
19,13,Attending college with insufficient data,600,8649,942344,.0091781769714669
19,14.1,Late attender (ages 23-28),600,18666,1239448,.01505992990428
19,14.2,Never attended college (before year 2013),600,38604,2866578,.0134669281631269
20,1,Ivy Plus,1200,217,52724,.0041157727031333
20,2,Other elite schools (public and private),1200,914,183973,.0049681203220038
20,3,Highly selective public,1200,2003,393548,.0050895951700936
20,4,Highly selective private,1200,831,134098,.0061969604319229
20,5,Selective public,1300,12966,1944082,.0066694717609648
20,6,Selective private,1200,3451,486852,.0070883964736717
20,7,Nonselective four-year public,1300,2333,257854,.0090477557067178
20,8,Nonselective four-year private not-for-profit,1300,606,55947,.0108316799828409
20,9,Two-year (public and private not-for-profit),1300,18637,2021451,.0092196150191125
20,10,Four-year for-profit,1300,1078,126025,.0085538583614362
20,11,Two-year for-profit,1300,293,42313,.0069245858246874
20,12,Less than two-year schools of any type,1300,134,10121,.0132397984388894
20,13,Attending college with insufficient data,1200,9222,942344,.0097862351752651
20,14.1,Late attender (ages 23-28),1200,18325,1239448,.0147848074304045
20,14.2,Never attended college (before year 2013),1200,36563,2866578,.0127549293966534
21,1,Ivy Plus,2100,237,52724,.004495106592823
21,2,Other elite schools (public and private),2100,977,183973,.0053105618759274
21,3,Highly selective public,2100,2017,393548,.005125168975576
21,4,Highly selective private,2100,758,134098,.0056525824397083
21,5,Selective public,2100,12606,1944082,.0064842943867594
21,6,Selective private,2100,3322,486852,.0068234288859859
21,7,Nonselective four-year public,2100,2420,257854,.0093851559409588
21,8,Nonselective four-year private not-for-profit,2100,648,55947,.0115823904767012
21,9,Two-year (public and private not-for-profit),2100,19181,2021451,.0094887286409614
21,10,Four-year for-profit,2100,1133,126025,.0089902797064075
21,11,Two-year for-profit,2100,349,42313,.0082480561529554
21,12,Less than two-year schools of any type,2100,129,10121,.0127457761090801
21,13,Attending college with insufficient data,2100,9398,942344,.0099730034891717
21,14.1,Late attender (ages 23-28),2100,18451,1239448,.0148864655879069
21,14.2,Never attended college (before year 2013),2100,35948,2866578,.0125403878771134
22,1,Ivy Plus,2900,268,52724,.005083074121842
22,2,Other elite schools (public and private),2900,948,183973,.0051529300495181
22,3,Highly selective public,3000,1922,393548,.0048837752955167
22,4,Highly selective private,3000,743,134098,.0055407239481573
22,5,Selective public,3000,12966,1944082,.0066694717609648
22,6,Selective private,3000,3418,486852,.0070206140675195
22,7,Nonselective four-year public,3000,2298,257854,.0089120199802989
22,8,Nonselective four-year private not-for-profit,3000,639,55947,.0114215239423025
22,9,Two-year (public and private not-for-profit),3000,19255,2021451,.0095253360086393
22,10,Four-year for-profit,3000,1200,126025,.0095219202539179
22,11,Two-year for-profit,3000,364,42313,.0086025571337414
22,12,Less than two-year schools of any type,3000,116,10121,.0114613180515759
22,13,Attending college with insufficient data,3000,9405,942344,.0099804317743839
22,14.1,Late attender (ages 23-28),3000,18635,1239448,.0150349187702913
22,14.2,Never attended college (before year 2013),3000,35396,2866578,.0123478237815263
23,1,Ivy Plus,4000,221,52724,.0041916394810712
23,2,Other elite schools (public and private),4000,913,183973,.0049626847417828
23,3,Highly selective public,4000,1905,393548,.0048405785317166
23,4,Highly selective private,4000,711,134098,.0053020924995153
23,5,Selective public,4000,12583,1944082,.0064724636100741
23,6,Selective private,4000,3156,486852,.0064824628429174
23,7,Nonselective four-year public,4000,2476,257854,.009602333103229
23,8,Nonselective four-year private not-for-profit,4000,577,55947,.0103133322608898
23,9,Two-year (public and private not-for-profit),4000,19700,2021451,.009745474908865
23,10,Four-year for-profit,4000,1185,126025,.0094028962507439
23,11,Two-year for-profit,4000,379,42313,.0089570581145275
23,12,Less than two-year schools of any type,4000,129,10121,.0127457761090801
23,13,Attending college with insufficient data,4000,9603,942344,.0101905461275288
23,14.1,Late attender (ages 23-28),4000,18794,1239448,.01516320168333
23,14.2,Never attended college (before year 2013),4000,35242,2866578,.0122941011896414
24,1,Ivy Plus,5000,202,52724,.003831272285866
24,2,Other elite schools (public and private),5000,950,183973,.0051638012099602
24,3,Highly selective public,5000,1953,393548,.0049625458647992
24,4,Highly selective private,5000,743,134098,.0055407239481573
24,5,Selective public,5000,12771,1944082,.0065691673499369
24,6,Selective private,5000,3149,486852,.0064680847567639
24,7,Nonselective four-year public,5000,2448,257854,.0094937445220939
24,8,Nonselective four-year private not-for-profit,5000,611,55947,.010921050279729
24,9,Two-year (public and private not-for-profit),5000,19754,2021451,.0097721883933867
24,10,Four-year for-profit,5000,1297,126025,.0102916088077762
24,11,Two-year for-profit,5000,376,42313,.0088861579183702
24,12,Less than two-year schools of any type,5000,147,10121,.0145242564963936
24,13,Attending college with insufficient data,5000,9609,942344,.0101969132291393
24,14.1,Late attender (ages 23-28),5000,18700,1239448,.0150873614705901
24,14.2,Never attended college (before year 2013),5000,34863,2866578,.0121618877979249
25,1,Ivy Plus,6000,231,52724,.0043813064259161
25,2,Other elite schools (public and private),6000,789,183973,.0042886727943774
25,3,Highly selective public,6000,1834,393548,.0046601685181985
25,4,Highly selective private,6000,734,134098,.0054736088532267
25,5,Selective public,6000,12784,1944082,.0065758543106721
25,6,Selective private,6000,3085,486852,.0063366279690748
25,7,Nonselective four-year public,6000,2461,257854,.0095441606490495
25,8,Nonselective four-year private not-for-profit,6100,590,55947,.0105456950327989
25,9,Two-year (public and private not-for-profit),6000,19970,2021451,.0098790423314738
25,10,Four-year for-profit,6000,1218,126025,.0096647490577266
25,11,Two-year for-profit,6100,342,42313,.0080826223619219
25,12,Less than two-year schools of any type,6000,119,10121,.0117577314494615
25,13,Attending college with insufficient data,6000,9824,942344,.0104250677035138
25,14.1,Late attender (ages 23-28),6000,18798,1239448,.0151664289264253
25,14.2,Never attended college (before year 2013),6000,34795,2866578,.0121381661339758
26,1,Ivy Plus,7100,204,52724,.003869205674835
26,2,Other elite schools (public and private),7100,815,183973,.0044299978801237
26,3,Highly selective public,7100,1808,393548,.0045941028794455
26,4,Highly selective private,7100,669,134098,.0049888887231726
26,5,Selective public,7100,12579,1944082,.006470406083694
26,6,Selective private,7100,3030,486852,.0062236572921545
26,7,Nonselective four-year public,7100,2452,257854,.0095092571765418
26,8,Nonselective four-year private not-for-profit,7100,560,55947,.0100094732514701
26,9,Two-year (public and private not-for-profit),7100,19976,2021451,.0098820104964206
26,10,Four-year for-profit,7100,1257,126025,.009974211465979
26,11,Two-year for-profit,7100,352,42313,.0083189563491126
26,12,Less than two-year schools of any type,7100,114,10121,.0112637091196522
26,13,Attending college with insufficient data,7100,9707,942344,.01030090922211
26,14.1,Late attender (ages 23-28),7100,19045,1239448,.0153657111875609
26,14.2,Never attended college (before year 2013),7100,35006,2866578,.012211773061818
27,1,Ivy Plus,8100,181,52724,.0034329717016918
27,2,Other elite schools (public and private),8100,760,183973,.0041310409679681
27,3,Highly selective public,8100,1880,393548,.0047770538790694
27,4,Highly selective private,8100,662,134098,.0049366880937822
27,5,Selective public,8100,12145,1944082,.0062471644714575
27,6,Selective private,8100,2996,486852,.0061538208736947
27,7,Nonselective four-year public,8100,2472,257854,.0095868204487811
27,8,Nonselective four-year private not-for-profit,8100,520,55947,.0092945108763651
27,9,Two-year (public and private not-for-profit),8100,19666,2021451,.0097286553074994
27,10,Four-year for-profit,8100,1262,126025,.0100138861337036
27,11,Two-year for-profit,8100,369,42313,.0087207241273368
27,12,Less than two-year schools of any type,8100,144,10121,.0142278430985081
27,13,Attending college with insufficient data,8100,10153,942344,.0107741971084869
27,14.1,Late attender (ages 23-28),8100,18881,1239448,.0152333942206531
27,14.2,Never attended college (before year 2013),8100,35482,2866578,.0123778247094619
28,1,Ivy Plus,9100,211,52724,.0040019725362264
28,2,Other elite schools (public and private),9100,757,183973,.0041147342273051
28,3,Highly selective public,9100,1732,393548,.004400987935398
28,4,Highly selective private,9100,616,134098,.0045936553863592
28,5,Selective public,9100,11962,1944082,.0061530326395697
28,6,Selective private,9100,2858,486852,.0058703671752401
28,7,Nonselective four-year public,9100,2500,257854,.0096954090299162
28,8,Nonselective four-year private not-for-profit,9100,543,55947,.0097056142420505
28,9,Two-year (public and private not-for-profit),9100,19261,2021451,.0095283041735862
28,10,Four-year for-profit,9100,1324,126025,.0105058520134894
28,11,Two-year for-profit,9100,375,42313,.0088625245196512
28,12,Less than two-year schools of any type,9000,139,10121,.0137338207686987
28,13,Attending college with insufficient data,9100,10087,942344,.0107041589907719
28,14.1,Late attender (ages 23-28),9100,19039,1239448,.0153608703229179
28,14.2,Never attended college (before year 2013),9100,36170,2866578,.0126178321329474
29,1,Ivy Plus,9900,178,52724,.0033760716182384
29,2,Other elite schools (public and private),9900,666,183973,.0036200964271931
29,3,Highly selective public,9900,1482,393548,.003765741408926
29,4,Highly selective private,9900,493,134098,.0036764157556414
29,5,Selective public,9900,10704,1944082,.0055059405930408
29,6,Selective private,9900,2457,486852,.0050467082398758
29,7,Nonselective four-year public,9900,2483,257854,.0096294802485127
29,8,Nonselective four-year private not-for-profit,9900,472,55947,.0084365560262391
29,9,Two-year (public and private not-for-profit),9900,18601,2021451,.0092018060294313
29,10,Four-year for-profit,9900,1297,126025,.0102916088077762
29,11,Two-year for-profit,9900,386,42313,.0091224919055609
29,12,Less than two-year schools of any type,9900,155,10121,.0153146922240885
29,13,Attending college with insufficient data,9900,10599,942344,.0112474849948639
29,14.1,Late attender (ages 23-28),9900,19659,1239448,.0158610930026915
29,14.2,Never attended college (before year 2013),9900,37941,2866578,.0132356419396228
30,1,Ivy Plus,10700,161,52724,.0030536378120021
30,2,Other elite schools (public and private),10800,746,183973,.004054942844874
30,3,Highly selective public,10700,1692,393548,.0042993484911625
30,4,Highly selective private,10800,588,134098,.0043848528687974
30,5,Selective public,10800,11629,1944082,.0059817435684297
30,6,Selective private,10700,2780,486852,.0057101542152441
30,7,Nonselective four-year public,10800,2406,257854,.0093308616503913
30,8,Nonselective four-year private not-for-profit,10700,517,55947,.0092408886982323
30,9,Two-year (public and private not-for-profit),10700,19724,2021451,.0097573475686524
30,10,Four-year for-profit,10700,1304,126025,.0103471533425908
30,11,Two-year for-profit,10800,353,42313,.0083425897478316
30,12,Less than two-year schools of any type,10700,152,10121,.0150182788262029
30,13,Attending college with insufficient data,10800,10216,942344,.0108410516753967
30,14.1,Late attender (ages 23-28),10700,19102,1239448,.0154116994016691
30,14.2,Never attended college (before year 2013),10700,36204,2866578,.0126296929649219
31,1,Ivy Plus,11600,165,52724,.0031295045899401
31,2,Other elite schools (public and private),11700,750,183973,.004076685165758
31,3,Highly selective public,11600,1714,393548,.004355250185492
31,4,Highly selective private,11700,602,134098,.0044892541275783
31,5,Selective public,11600,11937,1944082,.0061401730996944
31,6,Selective private,11600,2686,486852,.0055170770583257
31,7,Nonselective four-year public,11600,2499,257854,.0096915308663042
31,8,Nonselective four-year private not-for-profit,11600,545,55947,.0097413623608058
31,9,Two-year (public and private not-for-profit),11600,20039,2021451,.0099131762283627
31,10,Four-year for-profit,11600,1254,126025,.0099504066653442
31,11,Two-year for-profit,11600,364,42313,.0086025571337414
31,12,Less than two-year schools of any type,11600,129,10121,.0127457761090801
31,13,Attending college with insufficient data,11700,10387,942344,.0110225140712946
31,14.1,Late attender (ages 23-28),11600,18882,1239448,.0152342010314269
31,14.2,Never attended college (before year 2013),11600,35621,2866578,.012426314581358
32,1,Ivy Plus,12500,177,52724,.0033571049237539
32,2,Other elite schools (public and private),12500,702,183973,.0038157773151495
32,3,Highly selective public,12500,1623,393548,.0041240204498562
32,4,Highly selective private,12500,567,134098,.0042282509806261
32,5,Selective public,12500,11857,1944082,.0060990225720932
32,6,Selective private,12500,2777,486852,.0057039921783211
32,7,Nonselective four-year public,12500,2407,257854,.0093347398140033
32,8,Nonselective four-year private not-for-profit,12500,561,55947,.0100273473108478
32,9,Two-year (public and private not-for-profit),12500,19745,2021451,.0097677361459664
32,10,Four-year for-profit,12500,1279,126025,.0101487800039675
32,11,Two-year for-profit,12500,384,42313,.0090752251081228
32,12,Less than two-year schools of any type,12500,115,10121,.0113625135856141
32,13,Attending college with insufficient data,12500,10442,942344,.0110808791693904
32,14.1,Late attender (ages 23-28),12500,19233,1239448,.0155173916130406
32,14.2,Never attended college (before year 2013),12500,35704,2866578,.0124552689652959
33,1,Ivy Plus,13300,120,52724,.0022760033381382
33,2,Other elite schools (public and private),13300,579,183973,.0031472009479652
33,3,Highly selective public,13300,1464,393548,.00372000365902
33,4,Highly selective private,13300,527,134098,.0039299616698236
33,5,Selective public,13300,10837,1944082,.0055743533451778
33,6,Selective private,13300,2500,486852,.0051350307691044
33,7,Nonselective four-year public,13300,2356,257854,.009136953469793
33,8,Nonselective four-year private not-for-profit,13300,511,55947,.0091336443419665
33,9,Two-year (public and private not-for-profit),13300,18851,2021451,.0093254795688839
33,10,Four-year for-profit,13300,1394,126025,.0110612973616346
33,11,Two-year for-profit,13300,398,42313,.0094060926901898
33,12,Less than two-year schools of any type,13300,140,10121,.0138326252346606
33,13,Attending college with insufficient data,13400,10813,942344,.0114745782856367
33,14.1,Late attender (ages 23-28),13400,20006,1239448,.01614105634121
33,14.2,Never attended college (before year 2013),13400,37078,2866578,.0129345861162682
34,1,Ivy Plus,14000,139,52724,.0026363705333434
34,2,Other elite schools (public and private),14100,565,183973,.003071102824871
34,3,Highly selective public,14100,1418,393548,.0036031182981491
34,4,Highly selective private,14100,470,134098,.0035048994019299
34,5,Selective public,14100,10507,1944082,.0054046074188229
34,6,Selective private,14000,2353,486852,.004833090959881
34,7,Nonselective four-year public,14000,2397,257854,.0092959581778836
34,8,Nonselective four-year private not-for-profit,14100,494,55947,.0088297853325469
34,9,Two-year (public and private not-for-profit),14000,18446,2021451,.0091251284349707
34,10,Four-year for-profit,14000,1355,126025,.0107518349533823
34,11,Two-year for-profit,14000,415,42313,.009807860468414
34,12,Less than two-year schools of any type,14000,137,10121,.013536211836775
34,13,Attending college with insufficient data,14100,11078,942344,.0117557919400983
34,14.1,Late attender (ages 23-28),14000,20673,1239448,.0166791991273535
34,14.2,Never attended college (before year 2013),14000,37126,2866578,.0129513308202323
35,1,Ivy Plus,14800,154,52724,.0029208709506107
35,2,Other elite schools (public and private),14800,649,183973,.0035276915634359
35,3,Highly selective public,14800,1585,393548,.0040274629778324
35,4,Highly selective private,14800,528,134098,.0039374189025936
35,5,Selective public,14800,11432,1944082,.0058804103942118
35,6,Selective private,14800,2543,486852,.005223353298333
35,7,Nonselective four-year public,14800,2477,257854,.0096062112668409
35,8,Nonselective four-year private not-for-profit,14800,537,55947,.0095983698857848
35,9,Two-year (public and private not-for-profit),14800,19349,2021451,.0095718372594735
35,10,Four-year for-profit,14700,1352,126025,.0107280301527475
35,11,Two-year for-profit,14800,386,42313,.0091224919055609
35,12,Less than two-year schools of any type,14700,129,10121,.0127457761090801
35,13,Attending college with insufficient data,14800,11025,942344,.011699549209206
35,14.1,Late attender (ages 23-28),14800,19626,1239448,.0158344682471552
35,14.2,Never attended college (before year 2013),14800,35802,2866578,.0124894560692226
36,1,Ivy Plus,15600,163,52724,.0030915712009711
36,2,Other elite schools (public and private),15600,637,183973,.0034624646007838
36,3,Highly selective public,15600,1692,393548,.0042993484911625
36,4,Highly selective private,15600,545,134098,.0040641918596847
36,5,Selective public,15600,11870,1944082,.0061057095328283
36,6,Selective private,15600,2665,486852,.0054739427998653
36,7,Nonselective four-year public,15600,2510,257854,.0097341906660358
36,8,Nonselective four-year private not-for-profit,15600,501,55947,.0089549037481903
36,9,Two-year (public and private not-for-profit),15600,19552,2021451,.009672260173509
36,10,Four-year for-profit,15500,1310,126025,.0103947629438603
36,11,Two-year for-profit,15600,396,42313,.0093588258927516
36,12,Less than two-year schools of any type,15600,152,10121,.0150182788262029
36,13,Attending college with insufficient data,15600,10932,942344,.011600859134244
36,14.1,Late attender (ages 23-28),15600,19152,1239448,.0154520399403605
36,14.2,Never attended college (before year 2013),15600,35496,2866578,.0123827085814515
37,1,Ivy Plus,16400,153,52724,.0029019042561262
37,2,Other elite schools (public and private),16400,667,183973,.0036255320074141
37,3,Highly selective public,16400,1649,393548,.0041900860886093
37,4,Highly selective private,16400,515,134098,.0038404748765828
37,5,Selective public,16400,12073,1944082,.0062101289966164
37,6,Selective private,16400,2749,486852,.0056464798337072
37,7,Nonselective four-year public,16400,2503,257854,.0097070435207521
37,8,Nonselective four-year private not-for-profit,16400,501,55947,.0089549037481903
37,9,Two-year (public and private not-for-profit),16400,20065,2021451,.0099260382764658
37,10,Four-year for-profit,16300,1389,126025,.0110216226939099
37,11,Two-year for-profit,16400,401,42313,.009476992886347
37,12,Less than two-year schools of any type,16300,130,10121,.012844580575042
37,13,Attending college with insufficient data,16400,10799,942344,.0114597217152123
37,14.1,Late attender (ages 23-28),16400,19006,1239448,.0153342455673816
37,14.2,Never attended college (before year 2013),16400,34974,2866578,.0122006099258419
38,1,Ivy Plus,17300,176,52724,.0033381382292694
38,2,Other elite schools (public and private),17200,693,183973,.0037668570931604
38,3,Highly selective public,17200,1768,393548,.0044924634352099
38,4,Highly selective private,17300,576,134098,.0042953660755567
38,5,Selective public,17200,12576,1944082,.006468862938909
38,6,Selective private,17200,2832,486852,.0058169628552414
38,7,Nonselective four-year public,17200,2468,257854,.0095713077943332
38,8,Nonselective four-year private not-for-profit,17200,537,55947,.0095983698857848
38,9,Two-year (public and private not-for-profit),17200,20576,2021451,.0101788269911069
38,10,Four-year for-profit,17200,1368,126025,.0108549890894664
38,11,Two-year for-profit,17200,402,42313,.0095006262850661
38,12,Less than two-year schools of any type,17200,122,10121,.0120541448473471
38,13,Attending college with insufficient data,17300,10711,942344,.011366337558259
38,14.1,Late attender (ages 23-28),17200,18509,1239448,.0149332606127889
38,14.2,Never attended college (before year 2013),17200,34260,2866578,.0119515324543759
39,1,Ivy Plus,18000,156,52724,.0029588043395797
39,2,Other elite schools (public and private),18100,725,183973,.0039407956602328
39,3,Highly selective public,18100,1801,393548,.0045763159767042
39,4,Highly selective private,18100,612,134098,.004563826455279
39,5,Selective public,18100,13140,1944082,.0067589741584974
39,6,Selective private,18000,2989,486852,.0061394427875412
39,7,Nonselective four-year public,18000,2665,257854,.0103353060258906
39,8,Nonselective four-year private not-for-profit,18100,520,55947,.0092945108763651
39,9,Two-year (public and private not-for-profit),18000,21029,2021451,.010402923444595
39,10,Four-year for-profit,18000,1357,126025,.0107677048204721
39,11,Two-year for-profit,18000,394,42313,.0093115590953135
39,12,Less than two-year schools of any type,18000,114,10121,.0112637091196522
39,13,Attending college with insufficient data,18100,10704,942344,.0113589092730468
39,14.1,Late attender (ages 23-28),18100,17930,1239448,.0144661171747423
39,14.2,Never attended college (before year 2013),18100,33437,2866578,.0116644305509915
40,1,Ivy Plus,18900,174,52724,.0033002048403004
40,2,Other elite schools (public and private),18900,768,183973,.0041745256097362
40,3,Highly selective public,18900,1861,393548,.0047287751430575
40,4,Highly selective private,18900,611,134098,.0045563692225089
40,5,Selective public,18900,13280,1944082,.0068309875817995
40,6,Selective private,18900,3018,486852,.0061990091444628
40,7,Nonselective four-year public,18900,2784,257854,.0107968074957146
40,8,Nonselective four-year private not-for-profit,18900,530,55947,.0094732514701414
40,9,Two-year (public and private not-for-profit),18900,21522,2021451,.0106468076643955
40,10,Four-year for-profit,18800,1355,126025,.0107518349533823
40,11,Two-year for-profit,18900,428,42313,.0101150946517619
40,12,Less than two-year schools of any type,18800,117,10121,.0115601225175378
40,13,Attending college with insufficient data,19000,10814,942344,.0114756394692384
40,14.1,Late attender (ages 23-28),18900,17458,1239448,.0140853024894953
40,14.2,Never attended college (before year 2013),18900,32854,2866578,.0114610521674275
41,1,Ivy Plus,19800,161,52724,.0030536378120021
41,2,Other elite schools (public and private),19800,758,183973,.0041201698075261
41,3,Highly selective public,19800,1909,393548,.0048507424761401
41,4,Highly selective private,19800,640,134098,.0047726289728408
41,5,Selective public,19800,13857,1944082,.0071277857621232
41,6,Selective private,19800,3021,486852,.0062051711813857
41,7,Nonselective four-year public,19800,2692,257854,.0104400164434137
41,8,Nonselective four-year private not-for-profit,19700,548,55947,.0097949845389386
41,9,Two-year (public and private not-for-profit),19800,21614,2021451,.0106923195269141
41,10,Four-year for-profit,19700,1402,126025,.011124776829994
41,11,Two-year for-profit,19700,422,42313,.0099732942594475
41,12,Less than two-year schools of any type,19700,111,10121,.0109672957217666
41,13,Attending college with insufficient data,19800,10813,942344,.0114745782856367
41,14.1,Late attender (ages 23-28),19800,17554,1239448,.0141627563237828
41,14.2,Never attended college (before year 2013),19800,32071,2866578,.0111879041840131
42,1,Ivy Plus,20600,193,52724,.0036605720355057
42,2,Other elite schools (public and private),20600,704,183973,.0038266484755915
42,3,Highly selective public,20600,1997,393548,.0050743492534583
42,4,Highly selective private,20700,687,134098,.0051231189130338
42,5,Selective public,20600,14259,1944082,.0073345671633192
42,6,Selective private,20600,3206,486852,.0065851634582994
42,7,Nonselective four-year public,20600,2769,257854,.0107386350415351
42,8,Nonselective four-year private not-for-profit,20700,557,55947,.0099558510733373
42,9,Two-year (public and private not-for-profit),20600,21766,2021451,.0107675130389013
42,10,Four-year for-profit,20600,1382,126025,.0109660781590954
42,11,Two-year for-profit,20600,425,42313,.0100441944556047
42,12,Less than two-year schools of any type,20600,122,10121,.0120541448473471
42,13,Attending college with insufficient data,20700,11058,942344,.0117345682680635
42,14.1,Late attender (ages 23-28),20600,17046,1239448,.013752896450678
42,14.2,Never attended college (before year 2013),20600,31403,2866578,.0109548737205128
43,1,Ivy Plus,21500,178,52724,.0033760716182384
43,2,Other elite schools (public and private),21500,802,183973,.0043593353372506
43,3,Highly selective public,21500,2000,393548,.0050819722117759
43,4,Highly selective private,21500,689,134098,.0051380333785739
43,5,Selective public,21500,14429,1944082,.0074220120344718
43,6,Selective private,21500,3197,486852,.0065666773475307
43,7,Nonselective four-year public,21500,2824,257854,.0109519340401933
43,8,Nonselective four-year private not-for-profit,21400,546,55947,.0097592364201834
43,9,Two-year (public and private not-for-profit),21500,22414,2021451,.0110880748531624
43,10,Four-year for-profit,21400,1478,126025,.0117278317794088
43,11,Two-year for-profit,21400,440,42313,.0103986954363907
43,12,Less than two-year schools of any type,21400,107,10121,.0105720778579192
43,13,Attending college with insufficient data,21600,11106,942344,.0117855050809471
43,14.1,Late attender (ages 23-28),21500,16465,1239448,.0132841393910838
43,14.2,Never attended college (before year 2013),21500,30899,2866578,.0107790543288897
44,1,Ivy Plus,22400,165,52724,.0031295045899401
44,2,Other elite schools (public and private),22400,760,183973,.0041310409679681
44,3,Highly selective public,22300,1973,393548,.005013365586917
44,4,Highly selective private,22300,674,134098,.0050261748870229
44,5,Selective public,22400,14808,1944082,.0076169626589825
44,6,Selective private,22300,3297,486852,.0067720785782948
44,7,Nonselective four-year public,22300,2793,257854,.0108317109682223
44,8,Nonselective four-year private not-for-profit,22300,567,55947,.0101345916671135
44,9,Two-year (public and private not-for-profit),22300,22554,2021451,.0111573320352559
44,10,Four-year for-profit,22300,1414,126025,.0112199960325332
44,11,Two-year for-profit,22300,454,42313,.0107295630184577
44,12,Less than two-year schools of any type,22300,104,10121,.0102756644600336
44,13,Attending college with insufficient data,22400,10995,942344,.0116677137011537
44,14.1,Late attender (ages 23-28),22400,16328,1239448,.0131736063150693
44,14.2,Never attended college (before year 2013),22400,30687,2866578,.0107050985530483
45,1,Ivy Plus,23200,191,52724,.0036226386465367
45,2,Other elite schools (public and private),23200,744,183973,.004044071684432
45,3,Highly selective public,23200,2150,393548,.0054631201276591
45,4,Highly selective private,23200,686,134098,.0051156616802637
45,5,Selective public,23200,15281,1944082,.0078602651534246
45,6,Selective private,23200,3424,486852,.0070329381413653
45,7,Nonselective four-year public,23200,2822,257854,.0109441777129694
45,8,Nonselective four-year private not-for-profit,23200,625,55947,.0111712871110158
45,9,Two-year (public and private not-for-profit),23200,22570,2021451,.0111652471417808
45,10,Four-year for-profit,23100,1419,126025,.0112596707002579
45,11,Two-year for-profit,23100,463,42313,.0109422636069293
45,12,Less than two-year schools of any type,23100,121,10121,.0119553403813852
45,13,Attending college with insufficient data,23300,10978,942344,.0116496735799241
45,14.1,Late attender (ages 23-28),23200,16095,1239448,.0129856194047673
45,14.2,Never attended college (before year 2013),23200,30005,2866578,.0104671842175584
46,1,Ivy Plus,24100,183,52724,.0034709050906608
46,2,Other elite schools (public and private),24000,757,183973,.0041147342273051
46,3,Highly selective public,24000,2157,393548,.0054809070304004
46,4,Highly selective private,24000,651,134098,.0048546585333115
46,5,Selective public,24000,15494,1944082,.0079698284331628
46,6,Selective private,24000,3432,486852,.0070493702398265
46,7,Nonselective four-year public,24000,2915,257854,.0113048469288822
46,8,Nonselective four-year private not-for-profit,24000,554,55947,.0099022288952044
46,9,Two-year (public and private not-for-profit),24000,22923,2021451,.0113398741794879
46,10,Four-year for-profit,24000,1426,126025,.0113152152350724
46,11,Two-year for-profit,23900,416,42313,.009831493867133
46,12,Less than two-year schools of any type,24000,110,10121,.0108684912558048
46,13,Attending college with insufficient data,24100,11282,942344,.0119722733948537
46,14.1,Late attender (ages 23-28),24100,15855,1239448,.0127919848190485
46,14.2,Never attended college (before year 2013),24100,29418,2866578,.0102624104419974
47,1,Ivy Plus,24800,162,52724,.0030726045064866
47,2,Other elite schools (public and private),24900,805,183973,.0043756420779136
47,3,Highly selective public,24900,2115,393548,.0053741856139531
47,4,Highly selective private,24900,661,134098,.0049292308610121
47,5,Selective public,24900,15881,1944082,.0081688941104336
47,6,Selective private,24800,3516,486852,.0072219072736684
47,7,Nonselective four-year public,24900,2960,257854,.0114793642914207
47,8,Nonselective four-year private not-for-profit,24900,555,55947,.009920102954582
47,9,Two-year (public and private not-for-profit),24800,23352,2021451,.0115520979731886
47,10,Four-year for-profit,24800,1445,126025,.0114659789724261
47,11,Two-year for-profit,24800,473,42313,.01117859759412
47,12,Less than two-year schools of any type,24700,104,10121,.0102756644600336
47,13,Attending college with insufficient data,25000,11047,942344,.0117228952484443
47,14.1,Late attender (ages 23-28),24900,15449,1239448,.0124644196448742
47,14.2,Never attended college (before year 2013),24900,29049,2866578,.0101336855302734
48,1,Ivy Plus,25700,173,52724,.0032812381458159
48,2,Other elite schools (public and private),25700,797,183973,.0043321574361455
48,3,Highly selective public,25700,2235,393548,.0056791039466596
48,4,Highly selective private,25700,703,134098,.0052424346373548
48,5,Selective public,25700,16194,1944082,.0083298955496733
48,6,Selective private,25700,3644,486852,.0074848208490465
48,7,Nonselective four-year public,25700,2928,257854,.0113552630558378
48,8,Nonselective four-year private not-for-profit,25600,566,55947,.0101167176077359
48,9,Two-year (public and private not-for-profit),25700,23591,2021451,.0116703298769053
48,10,Four-year for-profit,25600,1458,126025,.0115691331085102
48,11,Two-year for-profit,25600,455,42313,.0107531964171768
48,12,Less than two-year schools of any type,25700,108,10121,.010670882323881
48,13,Attending college with insufficient data,25800,11175,942344,.0118587267494673
48,14.1,Late attender (ages 23-28),25700,15133,1239448,.0122094674403444
48,14.2,Never attended college (before year 2013),25700,28413,2866578,.0099118182027491
49,1,Ivy Plus,26600,184,52724,.0034898717851453
49,2,Other elite schools (public and private),26500,776,183973,.0042180102515043
49,3,Highly selective public,26600,2268,393548,.0057629564881539
49,4,Highly selective private,26500,679,134098,.0050634610508732
49,5,Selective public,26500,16547,1944082,.0085114722527136
49,6,Selective private,26500,3594,486852,.0073821202336644
49,7,Nonselective four-year public,26500,2978,257854,.0115491712364361
49,8,Nonselective four-year private not-for-profit,26600,607,55947,.0108495540422185
49,9,Two-year (public and private not-for-profit),26500,23824,2021451,.0117855936156751
49,10,Four-year for-profit,26400,1489,126025,.0118151160484031
49,11,Two-year for-profit,26400,479,42313,.0113203979864344
49,12,Less than two-year schools of any type,26500,127,10121,.0125481671771564
49,13,Attending college with insufficient data,26600,11123,942344,.0118035452021767
49,14.1,Late attender (ages 23-28),26600,14831,1239448,.0119658105866482
49,14.2,Never attended college (before year 2013),26600,28067,2866578,.0097911167950078
50,1,Ivy Plus,27400,207,52724,.0039261057582884
50,2,Other elite schools (public and private),27300,778,183973,.0042288814119463
50,3,Highly selective public,27300,2294,393548,.005829022126907
50,4,Highly selective private,27400,699,134098,.0052126057062745
50,5,Selective public,27400,16990,1944082,.0087393432993053
50,6,Selective private,27300,3728,486852,.0076573578828884
50,7,Nonselective four-year public,27300,2953,257854,.011452217146137
50,8,Nonselective four-year private not-for-profit,27400,560,55947,.0100094732514701
50,9,Two-year (public and private not-for-profit),27300,23681,2021451,.0117148523511082
50,10,Four-year for-profit,27300,1530,126025,.0121404483237453
50,11,Two-year for-profit,27300,479,42313,.0113203979864344
50,12,Less than two-year schools of any type,27300,121,10121,.0119553403813852
50,13,Attending college with insufficient data,27500,11393,942344,.0120900647746471
50,14.1,Late attender (ages 23-28),27400,14651,1239448,.0118205846473591
50,14.2,Never attended college (before year 2013),27400,27511,2866578,.0095971573074237
51,1,Ivy Plus,28200,204,52724,.003869205674835
51,2,Other elite schools (public and private),28200,764,183973,.0041527832888522
51,3,Highly selective public,28200,2306,393548,.0058595139601777
51,4,Highly selective private,28200,693,134098,.0051678623096541
51,5,Selective public,28200,17326,1944082,.0089121755152303
51,6,Selective private,28200,3893,486852,.0079962699136493
51,7,Nonselective four-year public,28200,3035,257854,.0117702265623182
51,8,Nonselective four-year private not-for-profit,28200,602,55947,.0107601837453304
51,9,Two-year (public and private not-for-profit),28200,24028,2021451,.0118865112238684
51,10,Four-year for-profit,28100,1489,126025,.0118151160484031
51,11,Two-year for-profit,28100,552,42313,.0130456360929265
51,12,Less than two-year schools of any type,28200,129,10121,.0127457761090801
51,13,Attending college with insufficient data,28300,11072,942344,.0117494248384879
51,14.1,Late attender (ages 23-28),28200,14449,1239448,.0116576088710458
51,14.2,Never attended college (before year 2013),28200,27031,2866578,.0094297102677827
52,1,Ivy Plus,28900,194,52724,.0036795387299901
52,2,Other elite schools (public and private),29000,804,183973,.0043702064976926
52,3,Highly selective public,29000,2474,393548,.0062863996259668
52,4,Highly selective private,28900,774,134098,.0057718981640293
52,5,Selective public,29000,17795,1944082,.0091534204832924
52,6,Selective private,29000,3919,486852,.008049674233648
52,7,Nonselective four-year public,29000,3028,257854,.0117430794170344
52,8,Nonselective four-year private not-for-profit,29000,591,55947,.0105635690921765
52,9,Two-year (public and private not-for-profit),29000,23865,2021451,.0118058760761453
52,10,Four-year for-profit,28900,1505,126025,.011942074985122
52,11,Two-year for-profit,28900,539,42313,.0127384019095786
52,12,Less than two-year schools of any type,29000,125,10121,.0123505582452327
52,13,Attending college with insufficient data,29100,11313,942344,.0120051700865077
52,14.1,Late attender (ages 23-28),29000,14122,1239448,.011393781748004
52,14.2,Never attended college (before year 2013),29000,26526,2866578,.0092535420281604
53,1,Ivy Plus,29800,199,52724,.0037743722024126
53,2,Other elite schools (public and private),29800,837,183973,.0045495806449859
53,3,Highly selective public,29800,2388,393548,.0060678748208605
53,4,Highly selective private,29800,710,134098,.0052946352667452
53,5,Selective public,29800,18258,1944082,.0093915791617843
53,6,Selective private,29800,4046,486852,.0083105337967185
53,7,Nonselective four-year public,29800,3133,257854,.0121502865962909
53,8,Nonselective four-year private not-for-profit,29800,549,55947,.0098128585983163
53,9,Two-year (public and private not-for-profit),29800,24259,2021451,.0120007855743226
53,10,Four-year for-profit,29700,1552,126025,.0123150168617338
53,11,Two-year for-profit,29700,476,42313,.0112494977902772
53,12,Less than two-year schools of any type,29800,122,10121,.0120541448473471
53,13,Attending college with insufficient data,29900,11335,942344,.012028516125746
53,14.1,Late attender (ages 23-28),29800,13762,1239448,.0111033298694257
53,14.2,Never attended college (before year 2013),29900,25947,2866578,.0090515590365935
54,1,Ivy Plus,30600,209,52724,.0039640391472574
54,2,Other elite schools (public and private),30700,839,183973,.004560451805428
54,3,Highly selective public,30600,2554,393548,.0064896785144379
54,4,Highly selective private,30600,731,134098,.0054512371549166
54,5,Selective public,30600,18592,1944082,.0095633826145193
54,6,Selective private,30600,4128,486852,.0084789628059451
54,7,Nonselective four-year public,30600,3090,257854,.0119835255609764
54,8,Nonselective four-year private not-for-profit,30700,606,55947,.0108316799828409
54,9,Two-year (public and private not-for-profit),30600,24607,2021451,.0121729391412406
54,10,Four-year for-profit,30500,1492,126025,.0118389208490379
54,11,Two-year for-profit,30500,505,42313,.0119348663531302
54,12,Less than two-year schools of any type,30600,118,10121,.0116589269834997
54,13,Attending college with insufficient data,30800,11240,942344,.0119277036835805
54,14.1,Late attender (ages 23-28),30600,13316,1239448,.0107434922642983
54,14.2,Never attended college (before year 2013),30700,25547,2866578,.0089120198368926
55,1,Ivy Plus,31300,190,52724,.0036036719520522
55,2,Other elite schools (public and private),31500,810,183973,.0044028199790187
55,3,Highly selective public,31500,2558,393548,.0064998424588614
55,4,Highly selective private,31400,775,134098,.0057793553967994
55,5,Selective public,31500,19308,1944082,.0099316798365501
55,6,Selective private,31400,4274,486852,.0087788486028608
55,7,Nonselective four-year public,31400,3085,257854,.0119641347429165
55,8,Nonselective four-year private not-for-profit,31400,601,55947,.0107423096859528
55,9,Two-year (public and private not-for-profit),31400,24454,2021451,.0120972509350956
55,10,Four-year for-profit,31300,1566,126025,.0124261059313628
55,11,Two-year for-profit,31300,486,42313,.0114858317774679
55,12,Less than two-year schools of any type,31400,115,10121,.0113625135856141
55,13,Attending college with insufficient data,31600,11154,942344,.0118364418938307
55,14.1,Late attender (ages 23-28),31500,13103,1239448,.0105716415694729
55,14.2,Never attended college (before year 2013),31500,25094,2866578,.0087539916932314
56,1,Ivy Plus,32200,191,52724,.0036226386465367
56,2,Other elite schools (public and private),32300,910,183973,.0049463780011197
56,3,Highly selective public,32300,2644,393548,.0067183672639678
56,4,Highly selective private,32300,823,134098,.0061373025697624
56,5,Selective public,32300,19796,1944082,.0101826980549174
56,6,Selective private,32300,4333,486852,.0089000353290117
56,7,Nonselective four-year public,32300,3292,257854,.0127669146105936
56,8,Nonselective four-year private not-for-profit,32300,569,55947,.0101703397858688
56,9,Two-year (public and private not-for-profit),32200,24293,2021451,.0120176051756882
56,10,Four-year for-profit,32200,1479,126025,.0117357667129538
56,11,Two-year for-profit,32200,518,42313,.0122421005364782
56,12,Less than two-year schools of any type,32200,102,10121,.0100780555281099
56,13,Attending college with insufficient data,32400,11191,942344,.0118757056870952
56,14.1,Late attender (ages 23-28),32300,12925,1239448,.0104280292517314
56,14.2,Never attended college (before year 2013),32300,24508,2866578,.0085495667656697
57,1,Ivy Plus,33000,187,52724,.0035467718685987
57,2,Other elite schools (public and private),33200,855,183973,.0046474210889641
57,3,Highly selective public,33100,2726,393548,.0069267281246506
57,4,Highly selective private,33100,872,134098,.0065027069754955
57,5,Selective public,33100,20377,1944082,.0104815537616212
57,6,Selective private,33100,4499,486852,.0092410013720802
57,7,Nonselective four-year public,33100,3197,257854,.0123984890674568
57,8,Nonselective four-year private not-for-profit,33100,567,55947,.0101345916671135
57,9,Two-year (public and private not-for-profit),33100,24517,2021451,.0121284166670377
57,10,Four-year for-profit,33000,1532,126025,.0121563181908352
57,11,Two-year for-profit,33000,502,42313,.011863966156973
57,12,Less than two-year schools of any type,33000,137,10121,.013536211836775
57,13,Attending college with insufficient data,33300,11040,942344,.0117154669632321
57,14.1,Late attender (ages 23-28),33100,12480,1239448,.0100689984573778
57,14.2,Never attended college (before year 2013),33100,24086,2866578,.0084023529099854
58,1,Ivy Plus,33900,191,52724,.0036226386465367
58,2,Other elite schools (public and private),34000,916,183973,.0049789914824458
58,3,Highly selective public,33900,2862,393548,.0072723022350514
58,4,Highly selective private,33900,776,134098,.0057868126295694
58,5,Selective public,33900,21040,1944082,.0108225887591161
58,6,Selective private,33900,4593,486852,.0094340785289985
58,7,Nonselective four-year public,33900,3185,257854,.0123519511041132
58,8,Nonselective four-year private not-for-profit,33900,621,55947,.0110997908735053
58,9,Two-year (public and private not-for-profit),33900,24613,2021451,.0121759073061875
58,10,Four-year for-profit,33800,1537,126025,.0121959928585598
58,11,Two-year for-profit,33800,542,42313,.0128093021057358
58,12,Less than two-year schools of any type,34000,98,10121,.0096828376642624
58,13,Attending college with insufficient data,34100,10986,942344,.011658163048738
58,14.1,Late attender (ages 23-28),34000,12329,1239448,.0099471700305297
58,14.2,Never attended college (before year 2013),34000,23284,2866578,.0081225768145852
59,1,Ivy Plus,34800,166,52724,.0031484712844246
59,2,Other elite schools (public and private),34800,884,183973,.0048050529153735
59,3,Highly selective public,34800,3007,393548,.0076407452204051
59,4,Highly selective private,34800,867,134098,.0064654208116452
59,5,Selective public,34800,21494,1944082,.0110561180032529
59,6,Selective private,34800,4730,486852,.0097154782151455
59,7,Nonselective four-year public,34700,3216,257854,.0124721741760841
59,8,Nonselective four-year private not-for-profit,34700,595,55947,.010635065329687
59,9,Two-year (public and private not-for-profit),34700,24608,2021451,.0121734338353984
59,10,Four-year for-profit,34700,1615,126025,.0128149176750645
59,11,Two-year for-profit,34600,550,42313,.0129983692954884
59,12,Less than two-year schools of any type,34800,110,10121,.0108684912558048
59,13,Attending college with insufficient data,34900,10909,942344,.0115764519114039
59,14.1,Late attender (ages 23-28),34800,11852,1239448,.0095623212914136
59,14.2,Never attended college (before year 2013),34800,22971,2866578,.0080133873908193
60,1,Ivy Plus,35600,210,52724,.0039830058417419
60,2,Other elite schools (public and private),35600,948,183973,.0051529300495181
60,3,Highly selective public,35600,3275,393548,.0083217294967831
60,4,Highly selective private,35600,912,134098,.0068009962862981
60,5,Selective public,35600,21936,1944082,.0112834746682496
60,6,Selective private,35600,4956,486852,.0101796849966725
60,7,Nonselective four-year public,35600,3184,257854,.0123480729405012
60,8,Nonselective four-year private not-for-profit,35600,540,55947,.0096519920639176
60,9,Two-year (public and private not-for-profit),35600,24458,2021451,.0120992297117269
60,10,Four-year for-profit,35500,1551,126025,.0123070819281889
60,11,Two-year for-profit,35400,565,42313,.0133528702762744
60,12,Less than two-year schools of any type,35600,107,10121,.0105720778579192
60,13,Attending college with insufficient data,35800,10677,942344,.0113302573157998
60,14.1,Late attender (ages 23-28),35600,11696,1239448,.0094364588106964
60,14.2,Never attended college (before year 2013),35600,22558,2866578,.0078693131671282
61,1,Ivy Plus,36400,210,52724,.0039830058417419
61,2,Other elite schools (public and private),36500,1026,183973,.005576905306757
61,3,Highly selective public,36400,3243,393548,.0082404179413947
61,4,Highly selective private,36400,920,134098,.0068606541484586
61,5,Selective public,36400,22388,1944082,.0115159751491964
61,6,Selective private,36400,4977,486852,.010222819255133
61,7,Nonselective four-year public,36400,3295,257854,.0127785491014295
61,8,Nonselective four-year private not-for-profit,36400,574,55947,.0102597100827569
61,9,Two-year (public and private not-for-profit),36400,24398,2021451,.0120695480622582
61,10,Four-year for-profit,36300,1455,126025,.0115453283078754
61,11,Two-year for-profit,36300,521,42313,.0123130007326354
61,12,Less than two-year schools of any type,36200,102,10121,.0100780555281099
61,13,Attending college with insufficient data,36600,10687,942344,.0113408691518172
61,14.1,Late attender (ages 23-28),36400,11543,1239448,.0093130167623006
61,14.2,Never attended college (before year 2013),36500,22235,2866578,.0077566352633698
62,1,Ivy Plus,37300,223,52724,.0042295728700402
62,2,Other elite schools (public and private),37300,1015,183973,.0055171139243259
62,3,Highly selective public,37300,3365,393548,.008550418246313
62,4,Highly selective private,37400,996,134098,.0074274038389834
62,5,Selective public,37300,22942,1944082,.0118009425528347
62,6,Selective private,37300,5098,486852,.0104713547443576
62,7,Nonselective four-year public,37200,3181,257854,.0123364384496653
62,8,Nonselective four-year private not-for-profit,37300,576,55947,.0102954582015121
62,9,Two-year (public and private not-for-profit),37300,24272,2021451,.0120072165983741
62,10,Four-year for-profit,37200,1459,126025,.0115770680420551
62,11,Two-year for-profit,37100,542,42313,.0128093021057358
62,12,Less than two-year schools of any type,37200,94,10121,.009287619800415
62,13,Attending college with insufficient data,37500,10717,942344,.0113727046598694
62,14.1,Late attender (ages 23-28),37300,11313,1239448,.0091274502843201
62,14.2,Never attended college (before year 2013),37300,21781,2866578,.0075982582717093
63,1,Ivy Plus,38200,192,52724,.0036416053410212
63,2,Other elite schools (public and private),38200,1086,183973,.0059030401200176
63,3,Highly selective public,38200,3530,393548,.0089696809537845
63,4,Highly selective private,38100,1050,134098,.0078300944085669
63,5,Selective public,38100,23424,1944082,.0120488744816319
63,6,Selective private,38100,5315,486852,.0109170754151159
63,7,Nonselective four-year public,38100,3269,257854,.0126777168475184
63,8,Nonselective four-year private not-for-profit,38200,540,55947,.0096519920639176
63,9,Two-year (public and private not-for-profit),38100,24004,2021451,.011874638564081
63,10,Four-year for-profit,38000,1465,126025,.0116246776433247
63,11,Two-year for-profit,38000,511,42313,.0120766667454447
63,12,Less than two-year schools of any type,38200,105,10121,.0103744689259955
63,13,Attending college with insufficient data,38300,10633,942344,.0112835652373231
63,14.1,Late attender (ages 23-28),38200,11111,1239448,.0089644745080068
63,14.2,Never attended college (before year 2013),38200,21338,2866578,.0074437186080407
64,1,Ivy Plus,38900,220,52724,.0041726727865868
64,2,Other elite schools (public and private),39100,1087,183973,.0059084757002386
64,3,Highly selective public,39000,3633,393548,.009231402522691
64,4,Highly selective private,39000,1012,134098,.0075467195633044
64,5,Selective public,39000,24149,1944082,.0124218011380178
64,6,Selective private,39000,5456,486852,.0112066911504934
64,7,Nonselective four-year public,38900,3139,257854,.0121735555779627
64,8,Nonselective four-year private not-for-profit,39100,612,55947,.0109389243391067
64,9,Two-year (public and private not-for-profit),39000,24297,2021451,.0120195839523194
64,10,Four-year for-profit,38800,1521,126025,.0120690339218409
64,11,Two-year for-profit,39000,526,42313,.0124311677262307
64,12,Less than two-year schools of any type,39000,88,10121,.0086947930046438
64,13,Attending college with insufficient data,39200,10415,942344,.0110522272121433
64,14.1,Late attender (ages 23-28),39000,10729,1239448,.0086562727924044
64,14.2,Never attended college (before year 2013),39000,20690,2866578,.0072176651045253
65,1,Ivy Plus,39800,225,52724,.0042675062590092
65,2,Other elite schools (public and private),39900,1146,183973,.0062291749332783
65,3,Highly selective public,39900,3817,393548,.0096989439661744
65,4,Highly selective private,39900,1096,134098,.0081731271159898
65,5,Selective public,39900,24575,1944082,.0126409276974942
65,6,Selective private,39900,5491,486852,.0112785815812608
65,7,Nonselective four-year public,39800,3307,257854,.0128250870647731
65,8,Nonselective four-year private not-for-profit,39900,575,55947,.0102775841421345
65,9,Two-year (public and private not-for-profit),39900,24097,2021451,.0119206451207573
65,10,Four-year for-profit,39800,1476,126025,.011711961912319
65,11,Two-year for-profit,39700,540,42313,.0127620353082977
65,12,Less than two-year schools of any type,40000,72,10121,.007113921549254
65,13,Attending college with insufficient data,40100,10484,942344,.0111254488806635
65,14.1,Late attender (ages 23-28),39900,10557,1239448,.0085175013393059
65,14.2,Never attended college (before year 2013),39900,20115,2866578,.0070170775049554
66,1,Ivy Plus,40700,240,52724,.0045520066762765
66,2,Other elite schools (public and private),40800,1133,183973,.0061585123904051
66,3,Highly selective public,40800,3986,393548,.0101283706180695
66,4,Highly selective private,40800,1112,134098,.0082924428403108
66,5,Selective public,40800,24809,1944082,.0127612929907278
66,6,Selective private,40700,5740,486852,.0117900306458636
66,7,Nonselective four-year public,40700,3369,257854,.013065533208715
66,8,Nonselective four-year private not-for-profit,40800,585,55947,.0104563247359108
66,9,Two-year (public and private not-for-profit),40800,24098,2021451,.0119211398149151
66,10,Four-year for-profit,40700,1424,126025,.0112993453679825
66,11,Two-year for-profit,40600,491,42313,.0116039987710633
66,12,Less than two-year schools of any type,40700,88,10121,.0086947930046438
66,13,Attending college with insufficient data,41000,10458,942344,.0110978581070182
66,14.1,Late attender (ages 23-28),40800,10551,1239448,.0085126604746629
66,14.2,Never attended college (before year 2013),40800,19490,2866578,.0067990475054228
67,1,Ivy Plus,41800,259,52724,.0049123738714817
67,2,Other elite schools (public and private),41700,1254,183973,.0068162175971474
67,3,Highly selective public,41700,3926,393548,.0099759114517162
67,4,Highly selective private,41600,1166,134098,.0086951334098943
67,5,Selective public,41600,25316,1944082,.0130220844594004
67,6,Selective private,41600,5616,486852,.0115353331197161
67,7,Nonselective four-year public,41700,3404,257854,.0132012689351338
67,8,Nonselective four-year private not-for-profit,41600,571,55947,.010206087904624
67,9,Two-year (public and private not-for-profit),41600,23712,2021451,.0117301878700003
67,10,Four-year for-profit,41500,1392,126025,.0110454274945447
67,11,Two-year for-profit,41500,521,42313,.0123130007326354
67,12,Less than two-year schools of any type,41500,107,10121,.0105720778579192
67,13,Attending college with insufficient data,41900,10219,942344,.0108442352262019
67,14.1,Late attender (ages 23-28),41800,10568,1239448,.008526376257818
67,14.2,Never attended college (before year 2013),41700,19542,2866578,.006817187601384
68,1,Ivy Plus,42600,213,52724,.0040399059251954
68,2,Other elite schools (public and private),42600,1391,183973,.0075608920874259
68,3,Highly selective public,42600,4043,393548,.0102732068261051
68,4,Highly selective private,42600,1257,134098,.0093737415919701
68,5,Selective public,42600,25489,1944082,.013111072475338
68,6,Selective private,42500,5868,486852,.0120529442212418
68,7,Nonselective four-year public,42600,3350,257854,.0129918481000876
68,8,Nonselective four-year private not-for-profit,42600,635,55947,.011350027704792
68,9,Two-year (public and private not-for-profit),42600,23706,2021451,.0117272197050534
68,10,Four-year for-profit,42500,1416,126025,.0112358658996231
68,11,Two-year for-profit,42400,531,42313,.0125493347198261
68,12,Less than two-year schools of any type,42400,76,10121,.0075091394131015
68,13,Attending college with insufficient data,42800,10063,942344,.0106786905843301
68,14.1,Late attender (ages 23-28),42600,10420,1239448,.0084069682632914
68,14.2,Never attended college (before year 2013),42700,19116,2866578,.0066685783537026
69,1,Ivy Plus,43600,275,52724,.0052158409832334
69,2,Other elite schools (public and private),43600,1270,183973,.0069031868806836
69,3,Highly selective public,43600,4369,393548,.0111015682966246
69,4,Highly selective private,43500,1222,134098,.0091127384450178
69,5,Selective public,43500,25678,1944082,.0132082905967958
69,6,Selective private,43500,5942,486852,.0122049411320073
69,7,Nonselective four-year public,43400,3237,257854,.0125536156119354
69,8,Nonselective four-year private not-for-profit,43500,591,55947,.0105635690921765
69,9,Two-year (public and private not-for-profit),43500,23532,2021451,.0116411429215944
69,10,Four-year for-profit,43400,1422,126025,.0112834755008927
69,11,Two-year for-profit,43400,534,42313,.0126202349159833
69,12,Less than two-year schools of any type,43600,103,10121,.0101768599940717
69,13,Attending college with insufficient data,43800,10036,942344,.0106500386270831
69,14.1,Late attender (ages 23-28),43500,10364,1239448,.008361786859957
69,14.2,Never attended college (before year 2013),43600,18999,2866578,.0066277631377901
70,1,Ivy Plus,44500,282,52724,.0053486078446248
70,2,Other elite schools (public and private),44600,1441,183973,.0078326710984764
70,3,Highly selective public,44500,4409,393548,.0112032077408601
70,4,Highly selective private,44500,1337,134098,.0099703202135751
70,5,Selective public,44500,26362,1944082,.0135601276077861
70,6,Selective private,44400,6198,486852,.0127307682827636
70,7,Nonselective four-year public,44500,3188,257854,.0123635855949491
70,8,Nonselective four-year private not-for-profit,44600,573,55947,.0102418360233793
70,9,Two-year (public and private not-for-profit),44500,23848,2021451,.0117974662754625
70,10,Four-year for-profit,44300,1419,126025,.0112596707002579
70,11,Two-year for-profit,44300,578,42313,.0136601044596223
70,12,Less than two-year schools of any type,44400,72,10121,.007113921549254
70,13,Attending college with insufficient data,44700,9921,942344,.0105280025128828
70,14.1,Late attender (ages 23-28),44500,9708,1239448,.0078325189923256
70,14.2,Never attended college (before year 2013),44500,18237,2866578,.00636194096236
71,1,Ivy Plus,45600,265,52724,.0050261740383886
71,2,Other elite schools (public and private),45500,1502,183973,.0081642414919581
71,3,Highly selective public,45500,4560,393548,.0115868966428492
71,4,Highly selective private,45500,1398,134098,.010425211412549
71,5,Selective public,45500,26932,1944082,.0138533251169447
71,6,Selective private,45400,6364,486852,.0130717343258321
71,7,Nonselective four-year public,45400,3197,257854,.0123984890674568
71,8,Nonselective four-year private not-for-profit,45500,590,55947,.0105456950327989
71,9,Two-year (public and private not-for-profit),45500,23581,2021451,.0116653829353271
71,10,Four-year for-profit,45400,1501,126025,.0119103352509423
71,11,Two-year for-profit,45400,520,42313,.0122893673339163
71,12,Less than two-year schools of any type,45200,88,10121,.0086947930046438
71,13,Attending college with insufficient data,45800,9941,942344,.0105492261849176
71,14.1,Late attender (ages 23-28),45500,9324,1239448,.0075227036551755
71,14.2,Never attended college (before year 2013),45600,17811,2866578,.0062133317146786
72,1,Ivy Plus,46500,342,52724,.006486609513694
72,2,Other elite schools (public and private),46500,1552,183973,.0084360205030086
72,3,Highly selective public,46500,4856,393548,.012339028530192
72,4,Highly selective private,46500,1545,134098,.0115214246297484
72,5,Selective public,46500,27390,1944082,.0140889118874615
72,6,Selective private,46500,6509,486852,.0133695661104401
72,7,Nonselective four-year public,46500,3039,257854,.0117857392167661
72,8,Nonselective four-year private not-for-profit,46600,612,55947,.0109389243391067
72,9,Two-year (public and private not-for-profit),46500,23661,2021451,.011704958467952
72,10,Four-year for-profit,46400,1373,126025,.010894663757191
72,11,Two-year for-profit,46300,485,42313,.0114621983787488
72,12,Less than two-year schools of any type,46400,71,10121,.0070151170832922
72,13,Attending college with insufficient data,46800,9867,942344,.0104706985983887
72,14.1,Late attender (ages 23-28),46600,9211,1239448,.0074315340377329
72,14.2,Never attended college (before year 2013),46600,17060,2866578,.0059513468672403
73,1,Ivy Plus,47800,356,52724,.0067521432364767
73,2,Other elite schools (public and private),47600,1696,183973,.0092187440548341
73,3,Highly selective public,47600,4843,393548,.0123059957108155
73,4,Highly selective private,47600,1468,134098,.0109472177064535
73,5,Selective public,47600,27092,1944082,.0139356261721471
73,6,Selective private,47600,6606,486852,.0135688053042814
73,7,Nonselective four-year public,47600,3159,257854,.0122511188502021
73,8,Nonselective four-year private not-for-profit,47600,609,55947,.0108853021609738
73,9,Two-year (public and private not-for-profit),47600,23642,2021451,.0116955592789536
73,10,Four-year for-profit,47400,1377,126025,.0109264034913708
73,11,Two-year for-profit,47400,552,42313,.0130456360929265
73,12,Less than two-year schools of any type,47300,92,10121,.0090900108684913
73,13,Attending college with insufficient data,47900,9760,942344,.0103571519530023
73,14.1,Late attender (ages 23-28),47600,9102,1239448,.0073435916633856
73,14.2,Never attended college (before year 2013),47600,17220,2866578,.0060071625471206
74,1,Ivy Plus,48700,362,52724,.0068659434033837
74,2,Other elite schools (public and private),48700,1703,183973,.0092567931163812
74,3,Highly selective public,48700,5042,393548,.0128116519458872
74,4,Highly selective private,48700,1530,134098,.0114095661381974
74,5,Selective public,48700,27677,1944082,.0142365394052309
74,6,Selective private,48600,6768,486852,.0139015552981193
74,7,Nonselective four-year public,48600,3124,257854,.0121153831237832
74,8,Nonselective four-year private not-for-profit,48800,557,55947,.0099558510733373
74,9,Two-year (public and private not-for-profit),48700,23280,2021451,.0115164799938262
74,10,Four-year for-profit,48600,1388,126025,.011013687760365
74,11,Two-year for-profit,48500,539,42313,.0127384019095786
74,12,Less than two-year schools of any type,48300,71,10121,.0070151170832922
74,13,Attending college with insufficient data,49000,9692,942344,.0102849914680838
74,14.1,Late attender (ages 23-28),48700,8917,1239448,.0071943316702274
74,14.2,Never attended college (before year 2013),48700,16923,2866578,.0059035546913428
75,1,Ivy Plus,49900,396,52724,.0075108110158562
75,2,Other elite schools (public and private),49900,1866,183973,.010142792692406
75,3,Highly selective public,49800,5163,393548,.0131191112646996
75,4,Highly selective private,49800,1695,134098,.0126400095452579
75,5,Selective public,49800,28018,1944082,.014411943529131
75,6,Selective private,49800,6933,486852,.0142404673288802
75,7,Nonselective four-year public,49800,3015,257854,.0116926632900789
75,8,Nonselective four-year private not-for-profit,49800,590,55947,.0105456950327989
75,9,Two-year (public and private not-for-profit),49800,23385,2021451,.0115684228803963
75,10,Four-year for-profit,49700,1401,126025,.0111168418964491
75,11,Two-year for-profit,49600,516,42313,.01219483373904
75,12,Less than two-year schools of any type,49900,66,10121,.0065210947534829
75,13,Attending college with insufficient data,50200,9775,942344,.0103730697070284
75,14.1,Late attender (ages 23-28),49900,8558,1239448,.006904686602423
75,14.2,Never attended college (before year 2013),49900,16197,2866578,.0056502910438858
76,1,Ivy Plus,51100,454,52724,.0086108792959563
76,2,Other elite schools (public and private),51000,1985,183973,.0107896267387062
76,3,Highly selective public,51000,5384,393548,.0136806691941008
76,4,Highly selective private,51000,1749,134098,.0130427001148414
76,5,Selective public,51000,28364,1944082,.0145899195610062
76,6,Selective private,51000,7039,486852,.0144581926334903
76,7,Nonselective four-year public,51000,2988,257854,.0115879528725558
76,8,Nonselective four-year private not-for-profit,51100,587,55947,.010492072854666
76,9,Two-year (public and private not-for-profit),51000,23253,2021451,.0115031232515653
76,10,Four-year for-profit,50900,1381,126025,.0109581432255505
76,11,Two-year for-profit,50800,504,42313,.0119112329544112
76,12,Less than two-year schools of any type,50900,87,10121,.0085959885386819
76,13,Attending college with insufficient data,51400,9869,942344,.0104728209655922
76,14.1,Late attender (ages 23-28),51100,8174,1239448,.0065948712652729
76,14.2,Never attended college (before year 2013),51100,15756,2866578,.0054964490762156
77,1,Ivy Plus,52300,449,52724,.0085160458235339
77,2,Other elite schools (public and private),52300,2145,183973,.0116593195740679
77,3,Highly selective public,52300,5501,393548,.0139779645684897
77,4,Highly selective private,52300,1787,134098,.0133260749601038
77,5,Selective public,52300,28502,1944082,.0146609042211182
77,6,Selective private,52200,7263,486852,.014918291390402
77,7,Nonselective four-year public,52300,2971,257854,.0115220240911524
77,8,Nonselective four-year private not-for-profit,52300,610,55947,.0109031762203514
77,9,Two-year (public and private not-for-profit),52300,23137,2021451,.0114457387292593
77,10,Four-year for-profit,52100,1350,126025,.0107121602856576
77,11,Two-year for-profit,52100,529,42313,.0125020679223879
77,12,Less than two-year schools of any type,52200,86,10121,.0084971840727201
77,13,Attending college with insufficient data,52600,9615,942344,.0102032803307497
77,14.1,Late attender (ages 23-28),52300,8053,1239448,.0064972471616397
77,14.2,Never attended college (before year 2013),52400,15575,2866578,.005433307588351
78,1,Ivy Plus,53800,500,52724,.0094833472422426
78,2,Other elite schools (public and private),53600,2180,183973,.0118495648818033
78,3,Highly selective public,53600,5749,393548,.01460812912275
78,4,Highly selective private,53600,1828,134098,.0136318215036764
78,5,Selective public,53600,28724,1944082,.0147750969352116
78,6,Selective private,53500,7187,486852,.0147621864550212
78,7,Nonselective four-year public,53600,2907,257854,.0112738216199865
78,8,Nonselective four-year private not-for-profit,53600,560,55947,.0100094732514701
78,9,Two-year (public and private not-for-profit),53600,23244,2021451,.011498671004145
78,10,Four-year for-profit,53400,1372,126025,.0108867288236461
78,11,Two-year for-profit,53300,573,42313,.013541937466027
78,12,Less than two-year schools of any type,53500,70,10121,.0069163126173303
78,13,Attending college with insufficient data,54000,9639,942344,.0102287487371915
78,14.1,Late attender (ages 23-28),53600,7827,1239448,.0063149079267545
78,14.2,Never attended college (before year 2013),53700,15214,2866578,.005307373460621
79,1,Ivy Plus,55100,558,52724,.0105834155223428
79,2,Other elite schools (public and private),55000,2406,183973,.0130780060117517
79,3,Highly selective public,55000,5994,393548,.0152306707186925
79,4,Highly selective private,55000,1936,134098,.0144372026428433
79,5,Selective public,55000,28897,1944082,.0148640849511492
79,6,Selective private,55000,7364,486852,.0151257466334738
79,7,Nonselective four-year public,55000,2805,257854,.0108782489315659
79,8,Nonselective four-year private not-for-profit,55000,580,55947,.0103669544390226
79,9,Two-year (public and private not-for-profit),55000,23382,2021451,.0115669387979229
79,10,Four-year for-profit,54900,1318,126025,.0104582424122198
79,11,Two-year for-profit,54700,574,42313,.0135655708647461
79,12,Less than two-year schools of any type,54900,80,10121,.0079043572769489
79,13,Attending college with insufficient data,55400,9568,942344,.0101534047014678
79,14.1,Late attender (ages 23-28),55000,7496,1239448,.0060478535606173
79,14.2,Never attended college (before year 2013),55100,14615,2866578,.005098413509069
80,1,Ivy Plus,56600,602,52724,.0114179500796601
80,2,Other elite schools (public and private),56500,2478,183973,.0134693677876645
80,3,Highly selective public,56500,6091,393548,.0154771463709636
80,4,Highly selective private,56500,2036,134098,.0151829259198497
80,5,Selective public,56500,29301,1944082,.0150718951155353
80,6,Selective private,56400,7477,486852,.0153578500242373
80,7,Nonselective four-year public,56400,2807,257854,.0108860052587899
80,8,Nonselective four-year private not-for-profit,56600,605,55947,.0108138059234633
80,9,Two-year (public and private not-for-profit),56500,22836,2021451,.0112968357877584
80,10,Four-year for-profit,56300,1326,126025,.0105217218805793
80,11,Two-year for-profit,56300,575,42313,.0135892042634651
80,12,Less than two-year schools of any type,56600,70,10121,.0069163126173303
80,13,Attending college with insufficient data,56900,9553,942344,.0101374869474417
80,14.1,Late attender (ages 23-28),56500,7540,1239448,.0060833532346658
80,14.2,Never attended college (before year 2013),56600,14277,2866578,.0049805028853218
81,1,Ivy Plus,58200,579,52724,.010981716106517
81,2,Other elite schools (public and private),58100,2618,183973,.014230349018606
81,3,Highly selective public,58000,6283,393548,.0159650157032941
81,4,Highly selective private,58100,2167,134098,.016159823412728
81,5,Selective public,58100,29802,1944082,.0153296002946378
81,6,Selective private,58000,7596,486852,.0156022774888467
81,7,Nonselective four-year public,58100,2761,257854,.0107076097326394
81,8,Nonselective four-year private not-for-profit,58100,592,55947,.0105814431515541
81,9,Two-year (public and private not-for-profit),58000,22726,2021451,.0112424194303993
81,10,Four-year for-profit,58000,1382,126025,.0109660781590954
81,11,Two-year for-profit,57700,502,42313,.011863966156973
81,12,Less than two-year schools of any type,58100,91,10121,.0089912064025294
81,13,Attending college with insufficient data,58500,9330,942344,.0099008430042532
81,14.1,Late attender (ages 23-28),58100,7100,1239448,.0057283564941813
81,14.2,Never attended college (before year 2013),58200,14045,2866578,.0048995701494953
82,1,Ivy Plus,59700,581,52724,.0110196494954859
82,2,Other elite schools (public and private),59800,2738,183973,.0148826186451273
82,3,Highly selective public,59700,6538,393548,.0166129671602956
82,4,Highly selective private,59700,2196,134098,.0163760831630599
82,5,Selective public,59700,29742,1944082,.0152987373989369
82,6,Selective private,59700,7644,486852,.0157008700796135
82,7,Nonselective four-year public,59700,2826,257854,.0109596903674172
82,8,Nonselective four-year private not-for-profit,59900,620,55947,.0110819168141277
82,9,Two-year (public and private not-for-profit),59700,22794,2021451,.0112760586331304
82,10,Four-year for-profit,59600,1365,126025,.0108311842888316
82,11,Two-year for-profit,59400,553,42313,.0130692694916456
82,12,Less than two-year schools of any type,59500,76,10121,.0075091394131015
82,13,Attending college with insufficient data,60100,9230,942344,.009794724644079
82,14.1,Late attender (ages 23-28),59800,7129,1239448,.0057517540066223
82,14.2,Never attended college (before year 2013),59800,13541,2866578,.0047237507578723
83,1,Ivy Plus,61500,644,52724,.0122145512480085
83,2,Other elite schools (public and private),61500,2785,183973,.0151380909155148
83,3,Highly selective public,61500,6606,393548,.016785754215496
83,4,Highly selective private,61600,2253,134098,.0168011454309535
83,5,Selective public,61500,30443,1944082,.0156593188970424
83,6,Selective private,61500,7893,486852,.0162123191442163
83,7,Nonselective four-year public,61500,2791,257854,.0108239546409984
83,8,Nonselective four-year private not-for-profit,61600,608,55947,.0108674281015962
83,9,Two-year (public and private not-for-profit),61500,22497,2021451,.0111291344682607
83,10,Four-year for-profit,61400,1409,126025,.0111803213648086
83,11,Two-year for-profit,61300,505,42313,.0119348663531302
83,12,Less than two-year schools of any type,61700,69,10121,.0068175081513684
83,13,Attending college with insufficient data,62000,9320,942344,.0098902311682358
83,14.1,Late attender (ages 23-28),61500,6753,1239448,.0054483931556628
83,14.2,Never attended college (before year 2013),61600,12998,2866578,.0045343262942784
84,1,Ivy Plus,63400,760,52724,.0144146878082088
84,2,Other elite schools (public and private),63400,2954,183973,.0160567039728656
84,3,Highly selective public,63500,6738,393548,.0171211643814732
84,4,Highly selective private,63400,2241,134098,.0167116586377127
84,5,Selective public,63400,30372,1944082,.0156227978037963
84,6,Selective private,63300,8190,486852,.0168223607995859
84,7,Nonselective four-year public,63400,2757,257854,.0106920970781915
84,8,Nonselective four-year private not-for-profit,63500,647,55947,.0115645164173235
84,9,Two-year (public and private not-for-profit),63400,22290,2021451,.0110267327775939
84,10,Four-year for-profit,63200,1299,126025,.0103074786748661
84,11,Two-year for-profit,63100,498,42313,.0117694325620968
84,12,Less than two-year schools of any type,63000,78,10121,.0077067483450252
84,13,Attending college with insufficient data,63900,9260,942344,.0098265601521313
84,14.1,Late attender (ages 23-28),63500,6708,1239448,.0054120866708406
84,14.2,Never attended college (before year 2013),63500,12781,2866578,.0044586262784407
85,1,Ivy Plus,65500,750,52724,.0142250208633639
85,2,Other elite schools (public and private),65400,3029,183973,.0164643724894414
85,3,Highly selective public,65500,7236,393548,.0183865754622054
85,4,Highly selective private,65500,2432,134098,.0181359900967949
85,5,Selective public,65500,30993,1944082,.0159422287743007
85,6,Selective private,65400,8130,486852,.0166991200611274
85,7,Nonselective four-year public,65500,2737,257854,.0106145338059522
85,8,Nonselective four-year private not-for-profit,65700,640,55947,.0114393980016802
85,9,Two-year (public and private not-for-profit),65500,21840,2021451,.0108041204065792
85,10,Four-year for-profit,65400,1315,126025,.010434437611585
85,11,Two-year for-profit,65000,520,42313,.0122893673339163
85,12,Less than two-year schools of any type,65400,68,10121,.0067187036854066
85,13,Attending college with insufficient data,66000,9134,942344,.0096928510183118
85,14.1,Late attender (ages 23-28),65500,6418,1239448,.0051781115464303
85,14.2,Never attended college (before year 2013),65600,12332,2866578,.0043019935267765
86,1,Ivy Plus,67600,776,52724,.0147181549199605
86,2,Other elite schools (public and private),67700,3270,183973,.017774347322705
86,3,Highly selective public,67700,7305,393548,.0185619035035116
86,4,Highly selective private,67700,2418,134098,.018031588838014
86,5,Selective public,67700,31478,1944082,.016191703847883
86,6,Selective private,67600,8344,486852,.0171386786949627
86,7,Nonselective four-year public,67700,2653,257854,.010288768062547
86,8,Nonselective four-year private not-for-profit,67600,648,55947,.0115823904767012
86,9,Two-year (public and private not-for-profit),67700,21711,2021451,.0107403048602217
86,10,Four-year for-profit,67700,1340,126025,.0106328109502083
86,11,Two-year for-profit,67200,499,42313,.0117930659608158
86,12,Less than two-year schools of any type,67400,69,10121,.0068175081513684
86,13,Attending college with insufficient data,68200,9047,942344,.0096005280449602
86,14.1,Late attender (ages 23-28),67700,6250,1239448,.0050425673364272
86,14.2,Never attended college (before year 2013),67800,11765,2866578,.0041041967112006
87,1,Ivy Plus,70100,810,52724,.015363022532433
87,2,Other elite schools (public and private),70100,3349,183973,.0182037581601648
87,3,Highly selective public,70100,7673,393548,.0194969863904784
87,4,Highly selective private,70100,2580,134098,.0192396605467643
87,5,Selective public,70100,31723,1944082,.0163177273386616
87,6,Selective private,70000,8548,486852,.0175576972057217
87,7,Nonselective four-year public,70100,2641,257854,.0102422300992034
87,8,Nonselective four-year private not-for-profit,70100,603,55947,.010778057804708
87,9,Two-year (public and private not-for-profit),70100,21171,2021451,.0104731700150041
87,10,Four-year for-profit,69900,1345,126025,.010672485617933
87,11,Two-year for-profit,69600,530,42313,.012525701321107
87,12,Less than two-year schools of any type,70000,72,10121,.007113921549254
87,13,Attending college with insufficient data,70600,8857,942344,.0093989031606292
87,14.1,Late attender (ages 23-28),70100,6262,1239448,.0050522490657131
87,14.2,Never attended college (before year 2013),70200,11410,2866578,.0039803556714661
88,1,Ivy Plus,72700,830,52724,.0157423564221228
88,2,Other elite schools (public and private),72700,3601,183973,.0195735243758595
88,3,Highly selective public,72700,7936,393548,.020165265736327
88,4,Highly selective private,72700,2886,134098,.0215215737744038
88,5,Selective public,72700,32091,1944082,.0165070197656272
88,6,Selective private,72600,8722,486852,.0179150953472513
88,7,Nonselective four-year public,72600,2663,257854,.0103275496986667
88,8,Nonselective four-year private not-for-profit,72800,616,55947,.0110104205766172
88,9,Two-year (public and private not-for-profit),72600,20775,2021451,.0102772711285112
88,10,Four-year for-profit,72600,1274,126025,.0101091053362428
88,11,Two-year for-profit,72200,508,42313,.0120057665492875
88,12,Less than two-year schools of any type,72400,59,10121,.0058294634917498
88,13,Attending college with insufficient data,73300,8782,942344,.0093193143904986
88,14.1,Late attender (ages 23-28),72700,5891,1239448,.0047529222686228
88,14.2,Never attended college (before year 2013),72700,10940,2866578,.0038163971118176
89,1,Ivy Plus,75700,872,52724,.0165389575904711
89,2,Other elite schools (public and private),75500,3903,183973,.0212150696026047
89,3,Highly selective public,75500,8472,393548,.0215272342890829
89,4,Highly selective private,75500,3007,134098,.0224238989395815
89,5,Selective public,75500,32332,1944082,.0166309857300258
89,6,Selective private,75400,8890,486852,.0182601694149351
89,7,Nonselective four-year public,75500,2536,257854,.0098350229199469
89,8,Nonselective four-year private not-for-profit,75700,582,55947,.0104027025577779
89,9,Two-year (public and private not-for-profit),75500,20130,2021451,.0099581933967234
89,10,Four-year for-profit,75400,1265,126025,.0100376909343384
89,11,Two-year for-profit,75100,432,42313,.0102096282466381
89,12,Less than two-year schools of any type,75200,72,10121,.007113921549254
89,13,Attending college with insufficient data,76100,8624,942344,.0091516473814233
89,14.1,Late attender (ages 23-28),75600,5864,1239448,.0047311383777294
89,14.2,Never attended college (before year 2013),75600,10592,2866578,.0036949980080779
90,1,Ivy Plus,78800,1014,52724,.019232228207268
90,2,Other elite schools (public and private),78700,4044,183973,.0219814864137672
90,3,Highly selective public,78700,8801,393548,.0223632187179201
90,4,Highly selective private,78600,3144,134098,.0234455398290802
90,5,Selective public,78600,32715,1944082,.0168279938809165
90,6,Selective private,78600,9182,486852,.0188599410087665
90,7,Nonselective four-year public,78600,2464,257854,.0095557951398854
90,8,Nonselective four-year private not-for-profit,78600,633,55947,.0113142795860368
90,9,Two-year (public and private not-for-profit),78600,19587,2021451,.0096895744690324
90,10,Four-year for-profit,78500,1274,126025,.0101091053362428
90,11,Two-year for-profit,78200,442,42313,.0104459622338288
90,12,Less than two-year schools of any type,78600,91,10121,.0089912064025294
90,13,Attending college with insufficient data,79300,8371,942344,.0088831679301826
90,14.1,Late attender (ages 23-28),78600,5689,1239448,.0045899464923095
90,14.2,Never attended college (before year 2013),78700,10123,2866578,.0035313882964287
91,1,Ivy Plus,82500,1012,52724,.0191942948182991
91,2,Other elite schools (public and private),82300,4423,183973,.0240415713175303
91,3,Highly selective public,82300,9192,393548,.0233567442853222
91,4,Highly selective private,82200,3270,134098,.0243851511581082
91,5,Selective public,82200,33344,1944082,.017151539904181
91,6,Selective private,82000,9188,486852,.0188722650826124
91,7,Nonselective four-year public,82100,2323,257854,.0090089740705981
91,8,Nonselective four-year private not-for-profit,82200,630,55947,.0112606574079039
91,9,Two-year (public and private not-for-profit),82100,19072,2021451,.00943480697776
91,10,Four-year for-profit,81800,1278,126025,.0101408450704225
91,11,Two-year for-profit,81500,478,42313,.0112967645877154
91,12,Less than two-year schools of any type,81700,62,10121,.0061258768896354
91,13,Attending college with insufficient data,82900,8294,942344,.0088014567928485
91,14.1,Late attender (ages 23-28),82200,5244,1239448,.0042309156979559
91,14.2,Never attended college (before year 2013),82200,9763,2866578,.003405803016698
92,1,Ivy Plus,86600,1141,52724,.0216409984067977
92,2,Other elite schools (public and private),86300,4773,183973,.025944024394884
92,3,Highly selective public,86300,9738,393548,.0247441226991371
92,4,Highly selective private,86200,3531,134098,.0263314889110949
92,5,Selective public,86200,33526,1944082,.0172451573544737
92,6,Selective private,86200,9312,486852,.01912696260876
92,7,Nonselective four-year public,86200,2272,257854,.0088111877263878
92,8,Nonselective four-year private not-for-profit,86400,618,55947,.0110461686953724
92,9,Two-year (public and private not-for-profit),86100,18592,2021451,.009197353782011
92,10,Four-year for-profit,86000,1259,126025,.0099900813330688
92,11,Two-year for-profit,85700,413,42313,.0097605936709758
92,12,Less than two-year schools of any type,85900,68,10121,.0067187036854066
92,13,Attending college with insufficient data,87000,8079,942344,.0085733023184739
92,14.1,Late attender (ages 23-28),86200,4942,1239448,.0039872588442597
92,14.2,Never attended college (before year 2013),86300,9310,2866578,.0032477748730368
93,1,Ivy Plus,91300,1300,52724,.0246567028298308
93,2,Other elite schools (public and private),91200,5131,183973,.0278899621140059
93,3,Highly selective public,91000,10350,393548,.0262992061959405
93,4,Highly selective private,91000,3636,134098,.0271144983519516
93,5,Selective public,91000,33865,1944082,.0174195327151838
93,6,Selective private,90900,9457,486852,.019424794393368
93,7,Nonselective four-year public,90900,2268,257854,.0087956750719399
93,8,Nonselective four-year private not-for-profit,90800,573,55947,.0102418360233793
93,9,Two-year (public and private not-for-profit),90900,18106,2021451,.0089569324213152
93,10,Four-year for-profit,90900,1171,126025,.0092918071811149
93,11,Two-year for-profit,90100,404,42313,.0095478930825042
93,12,Less than two-year schools of any type,90500,57,10121,.0056318545598261
93,13,Attending college with insufficient data,91800,8068,942344,.0085616292988548
93,14.1,Late attender (ages 23-28),91000,4597,1239448,.0037089091272889
93,14.2,Never attended college (before year 2013),91000,8591,2866578,.0029969531615745
94,1,Ivy Plus,97100,1499,52724,.0284310750322434
94,2,Other elite schools (public and private),96900,5863,183973,.0318688068357857
94,3,Highly selective public,96800,11094,393548,.0281896998587212
94,4,Highly selective private,96800,3886,134098,.0289788065444675
94,5,Selective public,96700,33828,1944082,.0174005005961683
94,6,Selective private,96600,9740,486852,.0200060798764306
94,7,Nonselective four-year public,96600,2105,257854,.0081635344031894
94,8,Nonselective four-year private not-for-profit,97400,566,55947,.0101167176077359
94,9,Two-year (public and private not-for-profit),96700,16947,2021451,.0083835818924129
94,10,Four-year for-profit,96400,1156,126025,.0091727831779409
94,11,Two-year for-profit,96400,362,42313,.0085552903363033
94,12,Less than two-year schools of any type,,,,
94,13,Attending college with insufficient data,97700,8049,942344,.0085414668104217
94,14.1,Late attender (ages 23-28),96800,4214,1239448,.0033999006009127
94,14.2,Never attended college (before year 2013),96800,8215,2866578,.0028657863138558
95,1,Ivy Plus,104600,1926,52724,.0365298535771186
95,2,Other elite schools (public and private),104300,6468,183973,.0351573328694972
95,3,Highly selective public,104100,11646,393548,.0295923241891713
95,4,Highly selective private,104000,4276,134098,.0318871273247923
95,5,Selective public,104100,34030,1944082,.0175044056783613
95,6,Selective private,103800,9690,486852,.0199033792610485
95,7,Nonselective four-year public,104000,2062,257854,.0079967733678748
95,8,Nonselective four-year private not-for-profit,103900,569,55947,.0101703397858688
95,9,Two-year (public and private not-for-profit),104000,16051,2021451,.0079403359270148
95,10,Four-year for-profit,103800,1032,126025,.0081888514183694
95,11,Two-year for-profit,102900,338,42313,.0079880887670456
95,12,Less than two-year schools of any type,,,,
95,13,Attending college with insufficient data,105200,7802,942344,.0082793544607914
95,14.1,Late attender (ages 23-28),103900,4055,1239448,.003271617687874
95,14.2,Never attended college (before year 2013),104100,7580,2866578,.0026442678343307
96,1,Ivy Plus,114700,2314,52724,.0438889310370989
96,2,Other elite schools (public and private),114300,7507,183973,.0408049007191273
96,3,Highly selective public,114200,12425,393548,.0315717523656581
96,4,Highly selective private,114000,4527,134098,.0337588927500783
96,5,Selective public,114000,34100,1944082,.0175404123900124
96,6,Selective private,113800,9886,486852,.0203059656733463
96,7,Nonselective four-year public,113800,1887,257854,.0073180947357807
96,8,Nonselective four-year private not-for-profit,114000,589,55947,.0105278209734213
96,9,Two-year (public and private not-for-profit),113900,14853,2021451,.0073476923259579
96,10,Four-year for-profit,113400,1003,126025,.0079587383455664
96,11,Two-year for-profit,112800,297,42313,.0070191194195637
96,12,Less than two-year schools of any type,,,,
96,13,Attending college with insufficient data,115300,7487,942344,.0079450816262426
96,14.1,Late attender (ages 23-28),113800,3720,1239448,.0030013360786415
96,14.2,Never attended college (before year 2013),113900,6945,2866578,.0024227493548056
97,1,Ivy Plus,130000,3008,52724,.0570518170093316
97,2,Other elite schools (public and private),129400,8968,183973,.0487462834220239
97,3,Highly selective public,129000,13652,393548,.0346895423175826
97,4,Highly selective private,129200,4973,134098,.0370848185655267
97,5,Selective public,128900,33958,1944082,.0174673702035202
97,6,Selective private,128800,10085,486852,.020714714122567
97,7,Nonselective four-year public,128700,1722,257854,.0066781977398062
97,8,Nonselective four-year private not-for-profit,129000,506,55947,.0090442740450784
97,9,Two-year (public and private not-for-profit),128500,13084,2021451,.0064725783607913
97,10,Four-year for-profit,128400,902,126025,.0071573100575283
97,11,Two-year for-profit,128300,244,42313,.005766549287453
97,12,Less than two-year schools of any type,,,,
97,13,Attending college with insufficient data,130400,7252,942344,.0076957034798333
97,14.1,Late attender (ages 23-28),128500,3211,1239448,.0025906693947628
97,14.2,Never attended college (before year 2013),128700,5968,2866578,.0020819248595364
98,1,Ivy Plus,159500,4540,52724,.086108792959563
98,2,Other elite schools (public and private),158500,11573,183973,.0629059698977567
98,3,Highly selective public,157700,14751,393548,.0374820860479535
98,4,Highly selective private,157800,5535,134098,.0412757833823025
98,5,Selective public,156800,32999,1944082,.0169740782539008
98,6,Selective private,156400,10069,486852,.0206818499256448
98,7,Nonselective four-year public,155300,1440,257854,.0055845556012317
98,8,Nonselective four-year private not-for-profit,156900,458,55947,.0081863191949524
98,9,Two-year (public and private not-for-profit),155800,10912,2021451,.0053981026500271
98,10,Four-year for-profit,154200,707,126025,.0056099980162666
98,11,Two-year for-profit,153300,164,42313,.0038758773899274
98,12,Less than two-year schools of any type,,,,
98,13,Attending college with insufficient data,159000,6909,942344,.0073317175044357
98,14.1,Late attender (ages 23-28),155700,2555,1239448,.0020614015271314
98,14.2,Never attended college (before year 2013),156000,4929,2866578,.0017194717883135
99,1,Ivy Plus,468000,9673,52724,.1834648357484258
99,2,Other elite schools (public and private),353600,16794,183973,.0912851342316536
99,3,Highly selective public,319900,16463,393548,.0418322542612337
99,4,Highly selective private,317200,6352,134098,.0473683425554445
99,5,Selective public,309600,29711,1944082,.0152827915694914
99,6,Selective private,294600,9252,486852,.0190037218703014
99,7,Nonselective four-year public,285800,939,257854,.0036415956316365
99,8,Nonselective four-year private not-for-profit,298400,384,55947,.0068636388010081
99,9,Two-year (public and private not-for-profit),302500,6738,2021451,.0033332492353265
99,10,Four-year for-profit,284600,364,126025,.0028883158103551
99,11,Two-year for-profit,253400,81,42313,.0019143052962447
99,12,Less than two-year schools of any type,,,,
99,13,Attending college with insufficient data,313000,5932,942344,.0062949411255338
99,14.1,Late attender (ages 23-28),298500,1566,1239448,.0012634656718152
99,14.2,Never attended college (before year 2013),400500,3302,2866578,.0011518960935303
